business_name,city,address,website,instagram,facebook,phone,email,export_group,export_reason,business_type,women_fashion_relevance,physical_store,carries_other_brands,potential_stockist,stockist_lead,confidence,entity_quality,manual_review,discovered_by_queries,source_urls,export_evidence
,,,,,https://facebook.com/ColorPlus/posts/colorplus-opens-its-first-store-in-goa-at-the-mall-de-goa-porvorim-the-store-bri/1202584746443018,,,EXCLUDED,article_or_directory_not_business:SOCIAL_POST,UNKNOWN,UNKNOWN,UNKNOWN,UNKNOWN,UNKNOWN,NO,LOW,REJECTED,FALSE,concept store Goa fashion,https://facebook.com/ColorPlus/posts/colorplus-opens-its-first-store-in-goa-at-the-mall-de-goa-porvorim-the-store-bri/1202584746443018,not_self_business:SOCIAL_POST
,,,,,https://facebook.com/VinWonders.NhaTrang.Official/posts/-ch%C3%A0o-%C4%91%C3%B3n-%F0%9D%90%83%F0%9D%90%8D%F0%9D%90%84%F0%9D%90%93-%F0%9D%90%8C%F0%9D%90%94%F0%9D%90%8B%F0%9D%90%93%F0%9D%90%88%F0%9D%90%92%F0%9D%90%93%F0%9D%90%8E%F0%9D%90%91%F0%9D%90%98-%F0%9D%90%82%F0%9D%90%8E%F0%9D%90%8D%F0%9D%90%82%F0%9D%90%84%F0%9D%90%8F%F0%9D%90%93-%F0%9D%90%92%F0%9D%90%93%F0%9D%90%8E%F0%9D%90%91%F0%9D%90%84-%C4%91%E1%BA%BFn-v%E1%BB%9Bi-%F0%9D%90%95%F0%9D%90%88%F0%9D%90%8D%F0%9D%90%96%F0%9D%90%8E%F0%9D%90%8D%F0%9D%90%83%F0%9D%90%84%F0%9D%90%91%F0%9D%90%92-%F0%9D%90%8D%F0%9D%90%87%F0%9D%90%80-%F0%9D%90%93%F0%9D%90%91%F0%9D%90%80%F0%9D%90%8D%F0%9D%90%86-m%E1%BB%99t-h%C3%A0nh-tr/1217261667112396,,,EXCLUDED,article_or_directory_not_business:SOCIAL_POST,UNKNOWN,UNKNOWN,UNKNOWN,UNKNOWN,UNKNOWN,NO,LOW,REJECTED,FALSE,multi brand fashion store Goa,https://facebook.com/VinWonders.NhaTrang.Official/posts/-ch%C3%A0o-%C4%91%C3%B3n-%F0%9D%90%83%F0%9D%90%8D%F0%9D%90%84%F0%9D%90%93-%F0%9D%90%8C%F0%9D%90%94%F0%9D%90%8B%F0%9D%90%93%F0%9D%90%88%F0%9D%90%92%F0%9D%90%93%F0%9D%90%8E%F0%9D%90%91%F0%9D%90%98-%F0%9D%90%82%F0%9D%90%8E%F0%9D%90%8D%F0%9D%90%82%F0%9D%90%84%F0%9D%90%8F%F0%9D%90%93-%F0%9D%90%92%F0%9D%90%93%F0%9D%90%8E%F0%9D%90%91%F0%9D%90%84-%C4%91%E1%BA%BFn-v%E1%BB%9Bi-%F0%9D%90%95%F0%9D%90%88%F0%9D%90%8D%F0%9D%90%96%F0%9D%90%8E%F0%9D%90%8D%F0%9D%90%83%F0%9D%90%84%F0%9D%90%91%F0%9D%90%92-%F0%9D%90%8D%F0%9D%90%87%F0%9D%90%80-%F0%9D%90%93%F0%9D%90%91%F0%9D%90%80%F0%9D%90%8D%F0%9D%90%86-m%E1%BB%99t-h%C3%A0nh-tr/1217261667112396,not_self_business:SOCIAL_POST
,,,,,https://facebook.com/abbas.shaikh.98478/posts/wait-is-overinvitationindias-largest-apparel-destinationinvites-you-to-the-offic/3478832452350630,,,EXCLUDED,article_or_directory_not_business:SOCIAL_POST,UNKNOWN,UNKNOWN,UNKNOWN,UNKNOWN,UNKNOWN,NO,LOW,REJECTED,FALSE,concept store Goa fashion,https://facebook.com/abbas.shaikh.98478/posts/wait-is-overinvitationindias-largest-apparel-destinationinvites-you-to-the-offic/3478832452350630,not_self_business:SOCIAL_POST
,,,,,https://facebook.com/beinghumanclothing/posts/hello-bhtribe-our-2nd-and-the-newest-store-in-goa-is-coming-soon-to-the-gorgeous/5474614439236348,,,EXCLUDED,article_or_directory_not_business:SOCIAL_POST,UNKNOWN,UNKNOWN,UNKNOWN,UNKNOWN,UNKNOWN,NO,LOW,REJECTED,FALSE,concept store Goa fashion,https://facebook.com/beinghumanclothing/posts/hello-bhtribe-our-2nd-and-the-newest-store-in-goa-is-coming-soon-to-the-gorgeous/5474614439236348,not_self_business:SOCIAL_POST
,,,,,https://facebook.com/businessgoa/posts/shibani-suctancar-and-vikram-phadnis-bring-to-goa-luxury-fashion-with-goan-sophi/1200127932123988,,,EXCLUDED,article_or_directory_not_business:SOCIAL_POST,UNKNOWN,UNKNOWN,UNKNOWN,UNKNOWN,UNKNOWN,NO,LOW,REJECTED,FALSE,concept store Goa fashion,https://facebook.com/businessgoa/posts/shibani-suctancar-and-vikram-phadnis-bring-to-goa-luxury-fashion-with-goan-sophi/1200127932123988,not_self_business:SOCIAL_POST
,,,,,https://facebook.com/gatheringhousehn/posts/%F0%9D%90%86%F0%9D%90%9A%F0%9D%90%AD%F0%9D%90%A1%F0%9D%90%9E%F0%9D%90%AB%F0%9D%90%A2%F0%9D%90%A7%F0%9D%90%A0-%F0%9D%90%87%F0%9D%90%A8%F0%9D%90%AE%F0%9D%90%AC%F0%9D%90%9E-%F0%9D%90%8C%F0%9D%90%AE%F0%9D%90%A5%F0%9D%90%AD%F0%9D%90%A2-%F0%9D%90%81%F0%9D%90%AB%F0%9D%90%9A%F0%9D%90%A7%F0%9D%90%9D-%F0%9D%90%85%F0%9D%90%9A%F0%9D%90%AC%F0%9D%90%A1%F0%9D%90%A2%F0%9D%90%A8%F0%9D%90%A7-%F0%9D%90%92%F0%9D%90%AD%F0%9D%90%A8%F0%9D%90%AB%F0%9D%90%9Ech%E1%BB%8Dn-l%E1%BB%8Dc-v%C3%A0-%C4%91em-t%E1%BB%9Bi-nh%E1%BB%AFng-s%E1%BA%A3n-ph%E1%BA%A9m-m%E1%BB%9Bi-/869611155322691,,,EXCLUDED,article_or_directory_not_business:SOCIAL_POST,UNKNOWN,UNKNOWN,UNKNOWN,UNKNOWN,UNKNOWN,NO,LOW,REJECTED,FALSE,multi brand fashion store Goa,https://facebook.com/gatheringhousehn/posts/%F0%9D%90%86%F0%9D%90%9A%F0%9D%90%AD%F0%9D%90%A1%F0%9D%90%9E%F0%9D%90%AB%F0%9D%90%A2%F0%9D%90%A7%F0%9D%90%A0-%F0%9D%90%87%F0%9D%90%A8%F0%9D%90%AE%F0%9D%90%AC%F0%9D%90%9E-%F0%9D%90%8C%F0%9D%90%AE%F0%9D%90%A5%F0%9D%90%AD%F0%9D%90%A2-%F0%9D%90%81%F0%9D%90%AB%F0%9D%90%9A%F0%9D%90%A7%F0%9D%90%9D-%F0%9D%90%85%F0%9D%90%9A%F0%9D%90%AC%F0%9D%90%A1%F0%9D%90%A2%F0%9D%90%A8%F0%9D%90%A7-%F0%9D%90%92%F0%9D%90%AD%F0%9D%90%A8%F0%9D%90%AB%F0%9D%90%9Ech%E1%BB%8Dn-l%E1%BB%8Dc-v%C3%A0-%C4%91em-t%E1%BB%9Bi-nh%E1%BB%AFng-s%E1%BA%A3n-ph%E1%BA%A9m-m%E1%BB%9Bi-/869611155322691,not_self_business:SOCIAL_POST
,,,,,https://facebook.com/goanewshub/posts/kramonde-goas-destination-store-specializing-in-luxury-home-d%C3%A9cor-and-gifts-inau/1055086028588932,,,EXCLUDED,article_or_directory_not_business:SOCIAL_POST,UNKNOWN,UNKNOWN,UNKNOWN,UNKNOWN,UNKNOWN,NO,LOW,REJECTED,FALSE,multi brand fashion store Goa; concept store Goa fashion,https://facebook.com/goanewshub/posts/kramonde-goas-destination-store-specializing-in-luxury-home-d%C3%A9cor-and-gifts-inau/1055086028588932,not_self_business:SOCIAL_POST
,,,,,https://facebook.com/groups/goa.co.uk/posts/1038902907997974,,,EXCLUDED,article_or_directory_not_business:SOCIAL_POST,UNKNOWN,UNKNOWN,UNKNOWN,UNKNOWN,UNKNOWN,NO,LOW,REJECTED,FALSE,women's fashion boutique Goa,https://facebook.com/groups/goa.co.uk/posts/1038902907997974,not_self_business:SOCIAL_POST
,,,,,https://facebook.com/hidesign/posts/launching-hidesigns-new-look-at-ambiencemalls-gurugram-an-evening-of-fashion-des/1553293840158262,,,EXCLUDED,article_or_directory_not_business:SOCIAL_POST,UNKNOWN,UNKNOWN,UNKNOWN,UNKNOWN,UNKNOWN,NO,LOW,REJECTED,FALSE,concept store Goa fashion,https://facebook.com/hidesign/posts/launching-hidesigns-new-look-at-ambiencemalls-gurugram-an-evening-of-fashion-des/1553293840158262,not_self_business:SOCIAL_POST
,,,,,https://facebook.com/junglegypsyfashion/posts/this-is-it-we-are-finally-open-new-store-located-downtown-chapora-the-store-is-c/4851518211535053,,,EXCLUDED,article_or_directory_not_business:SOCIAL_POST,UNKNOWN,UNKNOWN,UNKNOWN,UNKNOWN,UNKNOWN,NO,LOW,REJECTED,FALSE,concept store Goa fashion,https://facebook.com/junglegypsyfashion/posts/this-is-it-we-are-finally-open-new-store-located-downtown-chapora-the-store-is-c/4851518211535053,not_self_business:SOCIAL_POST
,,,,,https://facebook.com/modishboutique.in/posts/goas-newest-fashion-boutiquetrendy-western-wear-for-all-sizesanti-tarnish-jewell/840363624774066,,,EXCLUDED,article_or_directory_not_business:SOCIAL_POST,UNKNOWN,UNKNOWN,UNKNOWN,UNKNOWN,UNKNOWN,NO,LOW,REJECTED,FALSE,women's fashion boutique Goa,https://facebook.com/modishboutique.in/posts/goas-newest-fashion-boutiquetrendy-western-wear-for-all-sizesanti-tarnish-jewell/840363624774066,not_self_business:SOCIAL_POST
,,,,,https://facebook.com/p/Lizas-Boutique-Goa-100069534883319,,,EXCLUDED,article_or_directory_not_business:SOCIAL_POST,UNKNOWN,UNKNOWN,UNKNOWN,UNKNOWN,UNKNOWN,NO,LOW,REJECTED,FALSE,women's fashion boutique Goa,https://facebook.com/p/Lizas-Boutique-Goa-100069534883319,not_self_business:SOCIAL_POST
,,,,,https://facebook.com/routinevn/posts/%F0%9D%97%A5%F0%9D%97%A2%F0%9D%97%A8%F0%9D%97%A7%F0%9D%97%9C%F0%9D%97%A1%F0%9D%97%98-%F0%9D%97%A8-%F0%9D%97%A6%F0%9D%97%A3%F0%9D%97%94%F0%9D%97%96%F0%9D%97%98-%F0%9D%97%AC%F0%9D%97%A2%F0%9D%97%A8%F0%9D%97%A5-%F0%9D%97%9A%F0%9D%97%A2-%F0%9D%97%A7%F0%9D%97%A2-%F0%9D%97%A0%F0%9D%97%9C%F0%9D%97%A1%F0%9D%97%9C%F0%9D%97%A0%F0%9D%97%94%F0%9D%97%9F%F0%9D%97%9C%F0%9D%97%A6%F0%9D%97%A7-%F0%9D%97%99%F0%9D%97%94%F0%9D%97%A6%F0%9D%97%9B%F0%9D%97%9C%F0%9D%97%A2%F0%9D%97%A1-%F0%9D%97%A6%F0%9D%97%A3%F0%9D%97%A2%F0%9D%97%A7-%F0%9D%97%9C%F0%9D%97%A1-%F0%9D%97%A6%F0%9D%97%94%F0%9D%97%9C%F0%9D%97%9A%F0%9D%97%A2%F0%9D%97%A1in-ho-chi-minh-city-/1412883080875245,,,EXCLUDED,article_or_directory_not_business:SOCIAL_POST,UNKNOWN,UNKNOWN,UNKNOWN,UNKNOWN,UNKNOWN,NO,LOW,REJECTED,FALSE,multi brand fashion store Goa,https://facebook.com/routinevn/posts/%F0%9D%97%A5%F0%9D%97%A2%F0%9D%97%A8%F0%9D%97%A7%F0%9D%97%9C%F0%9D%97%A1%F0%9D%97%98-%F0%9D%97%A8-%F0%9D%97%A6%F0%9D%97%A3%F0%9D%97%94%F0%9D%97%96%F0%9D%97%98-%F0%9D%97%AC%F0%9D%97%A2%F0%9D%97%A8%F0%9D%97%A5-%F0%9D%97%9A%F0%9D%97%A2-%F0%9D%97%A7%F0%9D%97%A2-%F0%9D%97%A0%F0%9D%97%9C%F0%9D%97%A1%F0%9D%97%9C%F0%9D%97%A0%F0%9D%97%94%F0%9D%97%9F%F0%9D%97%9C%F0%9D%97%A6%F0%9D%97%A7-%F0%9D%97%99%F0%9D%97%94%F0%9D%97%A6%F0%9D%97%9B%F0%9D%97%9C%F0%9D%97%A2%F0%9D%97%A1-%F0%9D%97%A6%F0%9D%97%A3%F0%9D%97%A2%F0%9D%97%A7-%F0%9D%97%9C%F0%9D%97%A1-%F0%9D%97%A6%F0%9D%97%94%F0%9D%97%9C%F0%9D%97%9A%F0%9D%97%A2%F0%9D%97%A1in-ho-chi-minh-city-/1412883080875245,not_self_business:SOCIAL_POST
,,,,https://instagram.com/p/C8tgjp5BYea?hl=en,,,,EXCLUDED,article_or_directory_not_business:SOCIAL_POST,UNKNOWN,UNKNOWN,UNKNOWN,UNKNOWN,UNKNOWN,NO,LOW,REJECTED,FALSE,women's fashion boutique Goa; multi brand fashion store Goa,https://instagram.com/p/C8tgjp5BYea?hl=en; https://instagram.com/p/C8tgjp5BYea; https://instagram.com/p/DTkliOpCONw,not_self_business:SOCIAL_POST
,,,,https://instagram.com/reel/DROk1BME4m-,,,,EXCLUDED,article_or_directory_not_business:SOCIAL_POST,UNKNOWN,UNKNOWN,UNKNOWN,UNKNOWN,UNKNOWN,NO,LOW,REJECTED,FALSE,women's fashion boutique Goa,https://instagram.com/reel/DROk1BME4m-; https://instagram.com/reel/DVEHD6QkmvF; https://instagram.com/reel/DEMRuarxd31; https://instagram.com/reel/DIiWhgSIiCg; https://instagram.com/reel/DYE9WTRtU-O; https://instagram.com/reel/Da2HNlsvweE; https://instagram.com/reel/DWav9d6iIUy; https://instagram.com/reel/C4DWyfjoHHf; https://instagram.com/reel/DXwLfu5vDK_; https://instagram.com/reel/DLZnLUyTSJn; https://instagram.com/reel/DUIplZegR6M; https://instagram.com/reel/DVGmgZrCIqJ; https://instagram.com/reel/DUsrV7-kyg7; https://instagram.com/reel/DTxcbQYjyZE; https://instagram.com/reel/DWacQpqgM96; https://instagram.com/reel/DW8qF6pT30-; https://instagram.com/reel/DNumyJW2DLB; https://instagram.com/reel/DGFTTnltc2t; https://instagram.com/reel/DR4pt8QDFAm,not_self_business:SOCIAL_POST
,,,https://elitecisos.com?l=11714343141940,,,,,EXCLUDED,article_or_directory_not_business:ARTICLE,UNKNOWN,UNKNOWN,UNKNOWN,UNKNOWN,NO,NO,LOW,REJECTED,FALSE,concept store Goa fashion,https://elitecisos.com?l=11714343141940,"The page displays a verification message ('One moment, please...') indicating it is not the actual retail site but likely a redirect or security check.; The rule_result explicitly flags signals such as 'roundup_page', 'publisher_not_boutique', and 'media_page', suggesting this URL functions as a directory entry or article rather than a physical store'; No evidence of a physical boutique, multi-brand curation, or independent retail presence is present on this specific page."
,,,https://fashionjournal.com.au/fashion/best-multi-brand-melbourne-stores,,,,,EXCLUDED,article_or_directory_not_business:ARTICLE,UNKNOWN,UNKNOWN,UNKNOWN,UNKNOWN,UNKNOWN,NO,LOW,REJECTED,FALSE,multi brand fashion store Goa,https://fashionjournal.com.au/fashion/best-multi-brand-melbourne-stores,not_self_business:ARTICLE
,,,https://goa-state.infoisinfo.co.in/search/boutique,,,,,EXCLUDED,article_or_directory_not_business:ARTICLE,UNKNOWN,UNKNOWN,UNKNOWN,UNKNOWN,UNKNOWN,NO,LOW,REJECTED,FALSE,women's fashion boutique Goa,https://goa-state.infoisinfo.co.in/search/boutique,not_self_business:ARTICLE
,,,https://goatripsindia.com/designer-boutiques-in-goa,,,,,EXCLUDED,article_or_directory_not_business:ARTICLE,UNKNOWN,UNKNOWN,UNKNOWN,UNKNOWN,UNKNOWN,NO,LOW,REJECTED,FALSE,women's fashion boutique Goa,https://goatripsindia.com/designer-boutiques-in-goa,not_self_business:ARTICLE
,,,https://hotels.com/go/vietnam/best-shopping-ho-chi-minh,,,,,EXCLUDED,article_or_directory_not_business:ARTICLE,UNKNOWN,UNKNOWN,UNKNOWN,UNKNOWN,UNKNOWN,NO,LOW,REJECTED,FALSE,multi brand fashion store Goa,https://hotels.com/go/vietnam/best-shopping-ho-chi-minh,not_self_business:ARTICLE
,,,https://journal.nicobar.com/a-city-wise-guide-to-the-best-design-stores-in-india,,,,,EXCLUDED,article_or_directory_not_business:ARTICLE,UNKNOWN,UNKNOWN,UNKNOWN,UNKNOWN,UNKNOWN,NO,LOW,REJECTED,FALSE,concept store Goa fashion,https://journal.nicobar.com/a-city-wise-guide-to-the-best-design-stores-in-india,not_self_business:ARTICLE
,,,https://marielarkin.uk?h=23035135011800,,,,,EXCLUDED,identity_demonstrably_invalid,BOUTIQUE,UNKNOWN,UNKNOWN,UNKNOWN,NO,NO,LOW,REJECTED,FALSE,women's fashion boutique Goa,https://marielarkin.uk?h=23035135011800,"The provided URL (marielarkin.uk) appears to be a personal portfolio or design site rather than a retail storefront. The page title and metadata are generic ('Clothing Boutique Clothing Design Site...; The 'signals' indicate a 'boutique_phrase' but lack confirmation of a physical retail location or multi-brand curation. Without explicit evidence of a storefront selling multiple independent labels, i"
0937 367 819,,,https://zalo.me/0937367819,,,,,EXCLUDED,article_or_directory_not_business:MENTIONED_BUSINESS,UNKNOWN,UNKNOWN,UNKNOWN,UNKNOWN,NO,UNKNOWN,MEDIUM,LOW,FALSE,women's fashion boutique Goa,https://sakurafashion.vn/shop-thoi-trang-nu-phong-cach-han-quoc-dep-nhat-nha-trang-khanh-hoa-6601.html?srsltid=AU7gw4WMgC8mgHnsuqH4_P8pddBAHQ8E1ZHCG3d1KQE7QAXGR2y0z5n7,"The page is a directory/listicle titled 'Top 17 shop...' listing multiple independent boutiques (Greenpea's, Gạo Boutique, etc.) rather than the retailer itself.; The structured facts identify the entity as 'Sakura Fashion' with a domain ending in '.vn' and contact info for Vietnam, while the search query targets 'Goa'.; The page functions as an aggregator or article listing other stores, not a physical boutique selling multiple independent labels. It lacks evidence of being a multi-brand ret..."
1. Assagao Boutiques,,,,,,,,EXCLUDED,article_or_directory_not_business:MENTIONED_BUSINESS,UNKNOWN,UNKNOWN,UNKNOWN,UNKNOWN,UNKNOWN,UNKNOWN,LOW,LOW,FALSE,women's fashion boutique Goa; concept store Goa fashion,https://thebluekite.com/blogs/shopping-in-north-goa,official_identity_weak
1. Maison Retail Management International (MRMI),,,,,,,,EXCLUDED,article_or_directory_not_business:MENTIONED_BUSINESS,UNKNOWN,UNKNOWN,UNKNOWN,UNKNOWN,UNKNOWN,UNKNOWN,LOW,LOW,FALSE,multi brand fashion store Goa,https://maisononline.vn/blogs/news/shop-ban-do-hieu-o-ha-noi?srsltid=AU7gw4Uox-rveDhgGjU_dd9oz-e4TP8P-3h0kDlJtIpFAKSzxW9Vw7DQ,official_identity_weak
1. Maison Retail Management International (MRMI),,,,,,,,EXCLUDED,article_or_directory_not_business:MENTIONED_BUSINESS,UNKNOWN,UNKNOWN,UNKNOWN,UNKNOWN,UNKNOWN,UNKNOWN,LOW,LOW,FALSE,multi brand fashion store Goa,https://maisononline.vn/blogs/news/shop-ban-do-hieu-o-tphcm?srsltid=AU7gw4UF8NHdgx0uWZDxd2aMPRekB4QYADTcn1rVwopo1d4OXjvtPGn0,official_identity_weak
1. Sacha’s Shop,,,,,,,,EXCLUDED,article_or_directory_not_business:MENTIONED_BUSINESS,UNKNOWN,UNKNOWN,UNKNOWN,UNKNOWN,UNKNOWN,UNKNOWN,LOW,LOW,FALSE,women's fashion boutique Goa,https://so.city/goa/article/6-must-visit-stores-that-offer-an-ah-mazing-collection-of-dresses-accessories-more,official_identity_weak
"1. Saturday Night Market, Arpora",,,,,,,,EXCLUDED,article_or_directory_not_business:MENTIONED_BUSINESS,UNKNOWN,UNKNOWN,UNKNOWN,UNKNOWN,UNKNOWN,UNKNOWN,LOW,LOW,FALSE,women's fashion boutique Goa; concept store Goa fashion,https://thebluekite.com/blogs/shopping-in-north-goa,official_identity_weak
12 Honeymoon Outfit Ideas for Brides,,,,,,,,EXCLUDED,article_or_directory_not_business:MENTIONED_BUSINESS,UNKNOWN,UNKNOWN,UNKNOWN,UNKNOWN,UNKNOWN,UNKNOWN,LOW,LOW,FALSE,women's fashion boutique Goa,https://lavanyathelabel.com/blogs/news/goa-outfits-for-women-ideas,official_identity_weak
180thestore.com,,,https://180thestore.com,,,,,EXCLUDED,article_or_directory_not_business:MENTIONED_BUSINESS,UNKNOWN,UNKNOWN,YES,YES,NO,NO,MEDIUM,REJECTED,FALSE,concept store Goa fashion,https://wallpaper.com/fashion-beauty/best-fashion-stores-new-york-shopping-guide,"The page is an article on Wallpaper* (a media publisher) announcing the opening of 'Essx', a new concept store. The URL provided in the JSON (180thestore.com) appears to be an external link or error, ; The actual business described in the text is 'Essx', a concept and community store by Leong Leong and Yossi Shetrit.; While Essx is a physical store that likely carries multiple brands (implied by 'concept store' and listing neighbors like Collina Strada, Climax, The Row), this specific webpage..."
"2. ACFC Store (Vincom Center, Takashimaya)",,,,,,,,EXCLUDED,article_or_directory_not_business:MENTIONED_BUSINESS,UNKNOWN,UNKNOWN,UNKNOWN,UNKNOWN,UNKNOWN,UNKNOWN,LOW,LOW,FALSE,multi brand fashion store Goa,https://maisononline.vn/blogs/news/shop-ban-do-hieu-o-tphcm?srsltid=AU7gw4UF8NHdgx0uWZDxd2aMPRekB4QYADTcn1rVwopo1d4OXjvtPGn0,official_identity_weak
2. Anjuna Boutiques,,,,,,,,EXCLUDED,article_or_directory_not_business:MENTIONED_BUSINESS,UNKNOWN,UNKNOWN,UNKNOWN,UNKNOWN,UNKNOWN,UNKNOWN,LOW,LOW,FALSE,women's fashion boutique Goa; concept store Goa fashion,https://thebluekite.com/blogs/shopping-in-north-goa,official_identity_weak
2. Anjuna Flea Market,,,,,,,,EXCLUDED,article_or_directory_not_business:MENTIONED_BUSINESS,UNKNOWN,UNKNOWN,UNKNOWN,UNKNOWN,UNKNOWN,UNKNOWN,LOW,LOW,FALSE,women's fashion boutique Goa; concept store Goa fashion,https://thebluekite.com/blogs/shopping-in-north-goa,official_identity_weak
2. Sosa’s,,,,,,,,EXCLUDED,article_or_directory_not_business:MENTIONED_BUSINESS,UNKNOWN,UNKNOWN,UNKNOWN,UNKNOWN,UNKNOWN,UNKNOWN,LOW,LOW,FALSE,women's fashion boutique Goa,https://so.city/goa/article/6-must-visit-stores-that-offer-an-ah-mazing-collection-of-dresses-accessories-more,official_identity_weak
3. DAFC Boutique (Tràng Tiền Plaza),,,,,,,,EXCLUDED,article_or_directory_not_business:MENTIONED_BUSINESS,UNKNOWN,UNKNOWN,UNKNOWN,UNKNOWN,UNKNOWN,UNKNOWN,LOW,LOW,FALSE,multi brand fashion store Goa,https://maisononline.vn/blogs/news/shop-ban-do-hieu-o-ha-noi?srsltid=AU7gw4Uox-rveDhgGjU_dd9oz-e4TP8P-3h0kDlJtIpFAKSzxW9Vw7DQ,official_identity_weak
3. Mapusa Market,,,,,,,,EXCLUDED,article_or_directory_not_business:MENTIONED_BUSINESS,UNKNOWN,UNKNOWN,UNKNOWN,UNKNOWN,UNKNOWN,UNKNOWN,LOW,LOW,FALSE,women's fashion boutique Goa; concept store Goa fashion,https://thebluekite.com/blogs/shopping-in-north-goa,official_identity_weak
3. Paper Boat Collective,,,,,,,,EXCLUDED,article_or_directory_not_business:MENTIONED_BUSINESS,UNKNOWN,UNKNOWN,UNKNOWN,UNKNOWN,UNKNOWN,UNKNOWN,LOW,LOW,FALSE,women's fashion boutique Goa,https://so.city/goa/article/6-must-visit-stores-that-offer-an-ah-mazing-collection-of-dresses-accessories-more,official_identity_weak
4. Tam Sơn (Union Square),,,,,,,,EXCLUDED,article_or_directory_not_business:MENTIONED_BUSINESS,UNKNOWN,UNKNOWN,UNKNOWN,UNKNOWN,UNKNOWN,UNKNOWN,LOW,LOW,FALSE,multi brand fashion store Goa,https://maisononline.vn/blogs/news/shop-ban-do-hieu-o-tphcm?srsltid=AU7gw4UF8NHdgx0uWZDxd2aMPRekB4QYADTcn1rVwopo1d4OXjvtPGn0,official_identity_weak
4. Wendell Rodricks Design Space,,,,,,,,EXCLUDED,article_or_directory_not_business:MENTIONED_BUSINESS,UNKNOWN,UNKNOWN,UNKNOWN,UNKNOWN,UNKNOWN,UNKNOWN,LOW,LOW,FALSE,women's fashion boutique Goa,https://so.city/goa/article/6-must-visit-stores-that-offer-an-ah-mazing-collection-of-dresses-accessories-more,official_identity_weak
5. Alchemy,,,,,,,,EXCLUDED,article_or_directory_not_business:MENTIONED_BUSINESS,UNKNOWN,UNKNOWN,UNKNOWN,UNKNOWN,UNKNOWN,UNKNOWN,LOW,LOW,FALSE,women's fashion boutique Goa,https://so.city/goa/article/6-must-visit-stores-that-offer-an-ah-mazing-collection-of-dresses-accessories-more,official_identity_weak
5. Runway & Openasia Concept Store,,,,,,,,EXCLUDED,article_or_directory_not_business:MENTIONED_BUSINESS,UNKNOWN,UNKNOWN,UNKNOWN,UNKNOWN,UNKNOWN,UNKNOWN,LOW,LOW,FALSE,multi brand fashion store Goa,https://maisononline.vn/blogs/news/shop-ban-do-hieu-o-tphcm?srsltid=AU7gw4UF8NHdgx0uWZDxd2aMPRekB4QYADTcn1rVwopo1d4OXjvtPGn0,official_identity_weak
6 Must,,,,,,,,EXCLUDED,article_or_directory_not_business:MENTIONED_BUSINESS,UNKNOWN,UNKNOWN,UNKNOWN,UNKNOWN,UNKNOWN,UNKNOWN,LOW,LOW,FALSE,women's fashion boutique Goa,https://so.city/goa/article/6-must-visit-stores-that-offer-an-ah-mazing-collection-of-dresses-accessories-more,official_identity_weak
6. Multi,,,,,,,,EXCLUDED,article_or_directory_not_business:MENTIONED_BUSINESS,UNKNOWN,UNKNOWN,UNKNOWN,UNKNOWN,UNKNOWN,UNKNOWN,LOW,LOW,FALSE,multi brand fashion store Goa,https://maisononline.vn/blogs/news/shop-ban-do-hieu-o-ha-noi?srsltid=AU7gw4Uox-rveDhgGjU_dd9oz-e4TP8P-3h0kDlJtIpFAKSzxW9Vw7DQ,official_identity_weak
6. The Shop By Nana Ki,,,,,,,,EXCLUDED,article_or_directory_not_business:MENTIONED_BUSINESS,UNKNOWN,UNKNOWN,UNKNOWN,UNKNOWN,UNKNOWN,UNKNOWN,LOW,LOW,FALSE,women's fashion boutique Goa,https://so.city/goa/article/6-must-visit-stores-that-offer-an-ah-mazing-collection-of-dresses-accessories-more,official_identity_weak
7. Multi,,,,,,,,EXCLUDED,article_or_directory_not_business:MENTIONED_BUSINESS,UNKNOWN,UNKNOWN,UNKNOWN,UNKNOWN,UNKNOWN,UNKNOWN,LOW,LOW,FALSE,multi brand fashion store Goa,https://maisononline.vn/blogs/news/shop-ban-do-hieu-o-tphcm?srsltid=AU7gw4UF8NHdgx0uWZDxd2aMPRekB4QYADTcn1rVwopo1d4OXjvtPGn0,official_identity_weak
A design,,,,,,,,EXCLUDED,article_or_directory_not_business:MENTIONED_BUSINESS,UNKNOWN,UNKNOWN,UNKNOWN,UNKNOWN,UNKNOWN,UNKNOWN,LOW,LOW,FALSE,women's fashion boutique Goa,https://gomantaktimes.com/my-goa/shopping-in-goa/a-design-driven-boutique-offering-the-perfect-escape-in-goa,official_identity_weak
A Reflection on Luxury in Goa,,,,,,,,EXCLUDED,article_or_directory_not_business:MENTIONED_BUSINESS,UNKNOWN,UNKNOWN,UNKNOWN,UNKNOWN,UNKNOWN,UNKNOWN,LOW,LOW,FALSE,multi brand fashion store Goa,https://thebluekite.com/blogs/luxury-shopping-in-goa,hotel_resort_boutique
Aashni + Co,,"125 Ledbury Road, London, W11 2AQ, GB",https://aashniandco.com?srsltid=AU7gw4WUNjvgNOiLko5_CA5m3g9xNUpmhIVEnANUvalLlmjFAyrXkgVc,https://instagram.com/aashniandco,https://facebook.com/pages/Aashni-Co-Official/417895134941609,+44 207 985 0155,customercare@aashniandco.com,EXCLUDED,wrong_geography,BOUTIQUE,MEDIUM,YES,YES,UNKNOWN,NO,HIGH,REJECTED,FALSE,women's fashion boutique Goa; multi brand fashion store Goa; concept store Goa fashion,https://aashniandco.com?srsltid=AU7gw4WUNjvgNOiLko5_CA5m3g9xNUpmhIVEnANUvalLlmjFAyrXkgVc,Physical boutique presenting multiple independent fashion labels.; Multi-brand / multi-designer store.; Retailer/stockist presenting several labels.
About Sakal Media Group,,,https://sakalmediagroup.com,,,,,EXCLUDED,article_or_directory_not_business:MENTIONED_BUSINESS,UNKNOWN,UNKNOWN,UNKNOWN,UNKNOWN,UNKNOWN,UNKNOWN,MEDIUM,LOW,FALSE,women's fashion boutique Goa,https://gomantaktimes.com/my-goa/shopping-in-goa/modish-boutique-a-fashion-haven-for-women-in-goa; https://gomantaktimes.com/lifestyle/these-lifestyle-stores-in-goa-will-take-your-style-to-the-next-level; https://gomantaktimes.com/my-goa/shopping-in-goa/a-design-driven-boutique-offering-the-perfect-escape-in-goa; https://gomantaktimes.com/my-goa/shopping-in-goa/top-5-popular-shopping-outlets-in-goa; https://gomantaktimes.com/my-goa/shopping-in-goa/four-iconic-concept-stores-to-visit-in-goa,official_identity_weak
Accessories,,,,,,,,EXCLUDED,article_or_directory_not_business:MENTIONED_BUSINESS,UNKNOWN,UNKNOWN,UNKNOWN,UNKNOWN,UNKNOWN,UNKNOWN,LOW,LOW,FALSE,women's fashion boutique Goa; multi brand fashion store Goa,https://mychakos.com/blogs/news/where-to-shop-fashion-in-fontainhas,official_identity_weak
Adult Apparel,,,,,,,,EXCLUDED,article_or_directory_not_business:MENTIONED_BUSINESS,UNKNOWN,UNKNOWN,UNKNOWN,UNKNOWN,UNKNOWN,UNKNOWN,LOW,LOW,FALSE,women's fashion boutique Goa; multi brand fashion store Goa,https://mychakos.com/blogs/news/where-to-shop-fashion-in-fontainhas,official_identity_weak
Agrowon,,,https://agrowon.esakal.com,,,,,EXCLUDED,article_or_directory_not_business:MENTIONED_BUSINESS,UNKNOWN,UNKNOWN,UNKNOWN,UNKNOWN,UNKNOWN,UNKNOWN,MEDIUM,LOW,FALSE,women's fashion boutique Goa,https://gomantaktimes.com/my-goa/shopping-in-goa/modish-boutique-a-fashion-haven-for-women-in-goa; https://gomantaktimes.com/lifestyle/these-lifestyle-stores-in-goa-will-take-your-style-to-the-next-level; https://gomantaktimes.com/my-goa/shopping-in-goa/a-design-driven-boutique-offering-the-perfect-escape-in-goa; https://gomantaktimes.com/my-goa/shopping-in-goa/top-5-popular-shopping-outlets-in-goa; https://gomantaktimes.com/my-goa/shopping-in-goa/four-iconic-concept-stores-to-visit-in-goa,official_identity_weak
Alchempro,Goa,,https://alchempro.com/news/fashion-news/jack-jones-vero-moda-and-only-open-first-store-in-goa-203959-newsdetails.htm,,,,,EXCLUDED,article_or_directory_not_business:UNKNOWN,UNKNOWN,UNKNOWN,UNKNOWN,YES,NO,UNKNOWN,LOW,REJECTED,FALSE,multi brand fashion store Goa,https://alchempro.com/news/fashion-news/jack-jones-vero-moda-and-only-open-first-store-in-goa-203959-newsdetails.htm,"The page title explicitly mentions 'Jack & Jones, Vero Moda, and Only open first store in Goa', indicating a multi-brand retail location.; The URL structure (alchempro.com/news) suggests this is a news article published by Alchempro about the opening of a store, rather than the store's own website. However, the content confirms the exist; A multi-brand store carrying established international labels like Jack & Jones and Vero Moda fits the criteria for a potential stockist for an independent ..."
Anjuna,,,,,,,,EXCLUDED,article_or_directory_not_business:MENTIONED_BUSINESS,UNKNOWN,UNKNOWN,UNKNOWN,UNKNOWN,UNKNOWN,UNKNOWN,LOW,LOW,FALSE,multi brand fashion store Goa,https://thebluekite.com/blogs/luxury-shopping-in-goa,hotel_resort_boutique
Anjuna Flea Market: A Shopper’s Paradise,,,,,,,,EXCLUDED,article_or_directory_not_business:MENTIONED_BUSINESS,UNKNOWN,UNKNOWN,UNKNOWN,UNKNOWN,UNKNOWN,UNKNOWN,LOW,LOW,FALSE,women's fashion boutique Goa,https://agoda.com/travel-guides/india/goa/discover-unique-boutiques-in-goas-hidden-gems,official_identity_weak
App Store,,,https://apps.apple.com/us/app/fashion-story/id420590864,https://www.instagram.com/appstore/,https://www.facebook.com/appstore/,,,EXCLUDED,identity_demonstrably_invalid,UNKNOWN,UNKNOWN,NO,NO,NO,NO,MEDIUM,REJECTED,FALSE,concept store Goa fashion,https://apps.apple.com/us/app/fashion-story/id420590864,"The page is an Apple App Store listing for a specific application ('Fashion Story'), not a fashion retailer website. The content discusses app accessibility features and developer information (Storm8 "
Arabia,,,https://en.vogue.me,,,,,EXCLUDED,article_or_directory_not_business:MENTIONED_BUSINESS,UNKNOWN,UNKNOWN,UNKNOWN,UNKNOWN,UNKNOWN,UNKNOWN,MEDIUM,LOW,FALSE,multi brand fashion store Goa,https://vogue.com/article/how-to-sell-now-multi-brand; https://vogue.com/article/antwerp-belgium-guide,official_identity_weak
ArchDaily,,<https://www.archdaily.com/933640/tgy-multi-brand-fashion-and-event-store-ramoprimo> ISSN 0719-8884 Top #Tags Sustainability Technology Materials Metaverse Save 想阅读文章的中文版本吗?,https://archdaily.com/933640/tgy-multi-brand-fashion-and-event-store-ramoprimo,,https://facebook.com/sharer/sharer.php?u=https%3A%2F%2Fwww.archdaily.com%2F933640%2Ftgy-multi-brand-fashion-and-event-store-ramoprimo,,,EXCLUDED,identity_demonstrably_invalid,RETAILER,UNKNOWN,YES,YES,NO,UNKNOWN,HIGH,MEDIUM,FALSE,multi brand fashion store Goa,https://archdaily.com/933640/tgy-multi-brand-fashion-and-event-store-ramoprimo,"The page is an ArchDaily article describing a project (RAMOPRIMO) designed for a client, not the retailer's own website.; ArchDaily is an architecture and design publication, not the fashion store itself.; The text describes a 'Multi-Brand Fashion and Event Store' but this is a subject of the article, not the entity hosting the page."
Artist Collections,,,,,,,,EXCLUDED,article_or_directory_not_business:MENTIONED_BUSINESS,UNKNOWN,UNKNOWN,UNKNOWN,UNKNOWN,UNKNOWN,UNKNOWN,LOW,LOW,FALSE,women's fashion boutique Goa; multi brand fashion store Goa,https://mychakos.com/blogs/news/where-to-shop-fashion-in-fontainhas,official_identity_weak
Assagao,,,,,,,,EXCLUDED,article_or_directory_not_business:MENTIONED_BUSINESS,UNKNOWN,UNKNOWN,UNKNOWN,UNKNOWN,UNKNOWN,UNKNOWN,LOW,LOW,FALSE,multi brand fashion store Goa,https://thebluekite.com/blogs/luxury-shopping-in-goa,hotel_resort_boutique
Atlas Obscura,,"1441 Broadway, New York, NY, 10018, US",https://atlasobscura.com/places/croata-museum-concept-store-zadar,https://instagram.com/atlasobscura,https://facebook.com/atlasobscura,,support@atlasobscura.com,EXCLUDED,article_or_directory_not_business:SELF,BOUTIQUE,UNKNOWN,YES,NO,NO,NO,HIGH,REJECTED,FALSE,concept store Goa fashion,https://atlasobscura.com/places/croata-museum-concept-store-zadar,"The page is for 'Atlas Obscura', a media company and directory of unusual places, not a fashion retailer. The specific location mentioned in the text ('A.A. Cassimatis General Store Museum') is descri"
Atomic 29,,,,,,,,EXCLUDED,article_or_directory_not_business:MENTIONED_BUSINESS,UNKNOWN,UNKNOWN,UNKNOWN,UNKNOWN,UNKNOWN,UNKNOWN,LOW,LOW,FALSE,women's fashion boutique Goa,https://bestpixeldesign.com/blogs/news/the-most-stylish-boutiques-designers-in-goa,official_identity_weak
Atomic 29,,,,,,,,EXCLUDED,article_or_directory_not_business:MENTIONED_BUSINESS,UNKNOWN,UNKNOWN,UNKNOWN,UNKNOWN,UNKNOWN,UNKNOWN,LOW,LOW,FALSE,women's fashion boutique Goa,https://ringbe.com/blogs/news/the-most-stylish-boutiques-designers-in-goa,official_identity_weak
Australia,,,https://vogue.com.au,,,,,EXCLUDED,article_or_directory_not_business:MENTIONED_BUSINESS,UNKNOWN,UNKNOWN,UNKNOWN,UNKNOWN,UNKNOWN,NO,MEDIUM,REJECTED,FALSE,multi brand fashion store Goa,https://vogue.com/article/how-to-sell-now-multi-brand; https://vogue.com/article/antwerp-belgium-guide,wrong_geography
basics,Lytton,,https://beginningboutique-nz.myshopify.com/collections/basics,,,,,EXCLUDED,article_or_directory_not_business:MENTIONED_BUSINESS,UNKNOWN,HIGH,YES,NO,NO,UNKNOWN,MEDIUM,LOW,FALSE,women's fashion boutique Goa,https://beginningboutique.com.au,"The website explicitly states 'Australia's Best Dresses, Tops & Bottoms' and focuses on their own designs ('We design the dresses you want to wear').; The business is identified as an Organization selling its own products (Own-label/Studio) rather than a multi-brand retailer.; It does not present multiple independent fashion labels or act as a curated stockist for other designers.; According to the rules, a single brand/own-label designer selling only its own products should be classified as ..."
Beginning Boutique,Pacific Beach,"948 Garnet Avenue, Pacific Beach, CA, 92109, US",https://beginningboutique.com,https://instagram.com/beginningboutique,https://facebook.com/BeginningBoutique,+1 760-456-8587,info@beginningboutique.com.au,EXCLUDED,article_or_directory_not_business:ARTICLE,BOUTIQUE,MEDIUM,YES,NO,NO,NO,LOW,REJECTED,FALSE,women's fashion boutique Goa,https://beginningboutique.com,"The website explicitly states 'we design outfits you'll actually want to wear' and features sections for 'New Arrivals', 'Best Selling', and 'Sale', indicating an own-label business model.; The text highlights specific proprietary products like 'Beginning Hibiscus Bow Air Freshener' and 'True Desire Gold Wavy Cuff Bangle', confirming the brand sells its own designs rather than curating o; The page focuses on a single brand's inventory (dresses, tops, bottoms) without any mention of carrying m..."
beinghuman,,,https://beinghumanclothing.com?srsltid=AU7gw4V15VQL8DEYjt6CDvsZAWbZ6aGXIxOQn842M-6Jq164ZDyRg1wq,https://instagram.com/beinghumanclothing,https://facebook.com/beinghumanclothing,,,EXCLUDED,article_or_directory_not_business:ARTICLE,UNKNOWN,HIGH,UNKNOWN,NO,NO,NO,MEDIUM,REJECTED,FALSE,women's fashion boutique Goa,https://beinghumanclothing.com?srsltid=AU7gw4V15VQL8DEYjt6CDvsZAWbZ6aGXIxOQn842M-6Jq164ZDyRg1wq,"The website sells only 'Being Human Clothing' own-label products (e.g., 'Men's Chino Pant by Being Human Clothing'). The page title and content indicate a single-brand direct-to-consumer site rather t"
Best Eateries Near Popular Markets,,,,,,,,EXCLUDED,article_or_directory_not_business:MENTIONED_BUSINESS,UNKNOWN,UNKNOWN,UNKNOWN,UNKNOWN,UNKNOWN,UNKNOWN,LOW,LOW,FALSE,women's fashion boutique Goa,https://agoda.com/travel-guides/india/goa/discover-unique-boutiques-in-goas-hidden-gems,official_identity_weak
BIGGLES,,,https://bigglesamsterdam.nl?srsltid=AU7gw4WSTQAss1oOMf26k_jL-bLZnVqKqCbxGujxr4yu29e-F0TYs3Sy,https://instagram.com/biggles.amsterdam,https://facebook.com/BIGGLESamsterdam,,,EXCLUDED,wrong_geography,BOUTIQUE,MEDIUM,UNKNOWN,YES,YES,NO,HIGH,REJECTED,FALSE,multi brand fashion store Goa,https://bigglesamsterdam.nl?srsltid=AU7gw4WSTQAss1oOMf26k_jL-bLZnVqKqCbxGujxr4yu29e-F0TYs3Sy,"Page title explicitly states 'Curated Multi-Brand Fashion Store'.; Meta description confirms it is an 'independent multi-brand fashion store offering curated collections for men and women'.; Navigation menu lists multiple distinct brands (e.g., Annarr, Anreske) alongside categories like Women, Men, Vintage designer bags.; Business type is identified as 'BOUTIQUE' with high confidence."
BIRKENSTOCK,,,,,,,,EXCLUDED,article_or_directory_not_business:MENTIONED_BUSINESS,UNKNOWN,UNKNOWN,UNKNOWN,UNKNOWN,UNKNOWN,UNKNOWN,LOW,LOW,FALSE,multi brand fashion store Goa,https://maisononline.vn/blogs/news/shop-ban-do-hieu-o-ha-noi?srsltid=AU7gw4Uox-rveDhgGjU_dd9oz-e4TP8P-3h0kDlJtIpFAKSzxW9Vw7DQ,official_identity_weak
BIRKENSTOCK,,,,,,,,EXCLUDED,article_or_directory_not_business:MENTIONED_BUSINESS,UNKNOWN,UNKNOWN,UNKNOWN,UNKNOWN,UNKNOWN,UNKNOWN,LOW,LOW,FALSE,multi brand fashion store Goa,https://maisononline.vn/blogs/news/shop-ban-do-hieu-o-tphcm?srsltid=AU7gw4UF8NHdgx0uWZDxd2aMPRekB4QYADTcn1rVwopo1d4OXjvtPGn0,official_identity_weak
BOOK HERE,,,https://live.ipms247.com/booking/roomlist-casajaali-be,,,,,EXCLUDED,article_or_directory_not_business:DIRECTORY,UNKNOWN,UNKNOWN,UNKNOWN,UNKNOWN,UNKNOWN,NO,MEDIUM,REJECTED,FALSE,women's fashion boutique Goa,https://lbb.in/goa/best-stores-south-goa,not_self_business:DIRECTORY
Boutique Shopping Experience: Must,,,,,,,,EXCLUDED,article_or_directory_not_business:MENTIONED_BUSINESS,UNKNOWN,UNKNOWN,UNKNOWN,UNKNOWN,UNKNOWN,UNKNOWN,LOW,LOW,FALSE,women's fashion boutique Goa,https://agoda.com/travel-guides/india/goa/discover-unique-boutiques-in-goas-hidden-gems,official_identity_weak
Boutique Stores: Curated Fashion and Art,,,,,,,,EXCLUDED,article_or_directory_not_business:MENTIONED_BUSINESS,UNKNOWN,UNKNOWN,UNKNOWN,UNKNOWN,UNKNOWN,UNKNOWN,LOW,LOW,FALSE,women's fashion boutique Goa; concept store Goa fashion,https://thebluekite.com/blogs/shopping-in-north-goa,official_identity_weak
Boutiques & Designers in Goa,,,,,,,,EXCLUDED,article_or_directory_not_business:MENTIONED_BUSINESS,UNKNOWN,UNKNOWN,UNKNOWN,UNKNOWN,UNKNOWN,UNKNOWN,LOW,LOW,FALSE,women's fashion boutique Goa,https://bestpixeldesign.com/blogs/news/the-most-stylish-boutiques-designers-in-goa,official_identity_weak
Boutiques & Designers in Goa,,,,,,,,EXCLUDED,article_or_directory_not_business:MENTIONED_BUSINESS,UNKNOWN,UNKNOWN,UNKNOWN,UNKNOWN,UNKNOWN,UNKNOWN,LOW,LOW,FALSE,women's fashion boutique Goa,https://ringbe.com/blogs/news/the-most-stylish-boutiques-designers-in-goa,official_identity_weak
Boutiques to Shop at around Assagao,,,https://rainforestholidayhomesgoa.com/boutiques-to-shop-at-around-assagao,,,,,EXCLUDED,article_or_directory_not_business:SELF,BOUTIQUE,UNKNOWN,UNKNOWN,UNKNOWN,NO,YES,MEDIUM,HIGH,FALSE,women's fashion boutique Goa; multi brand fashion store Goa,https://rainforestholidayhomesgoa.com/boutiques-to-shop-at-around-assagao,"The page title 'Boutiques to Shop at around Assagao' and the URL structure indicate this is a curated list or directory of other shops hosted on a holiday home website.; The content describes external boutiques rather than presenting the business itself as a retailer carrying multiple labels.; According to guidelines, directory, article, and listicle pages are not the business itself and should be classified as NO."
BoutiqueToGo,,BoutiqueToGo – Women's Fashion Boutique | Allentown PA 522 N 19th St.,https://boutiquetogo.com,https://instagram.com/boutiquetogo,https://facebook.com/BOUTIQUETOGO-126105784110129,18104 (610) 437-1663,boutique2go@yahoo.com,EXCLUDED,own_label_not_external_stockist,BOUTIQUE,HIGH,YES,UNKNOWN,NO,UNKNOWN,HIGH,MEDIUM,FALSE,women's fashion boutique Goa,https://boutiquetogo.com,"Physical boutique located at 522 N 19th St, Allentown PA.; Website explicitly mentions 'Designer Women's Clothing and Accessories' and a collection of 'apparel and accessories'.; Business type identified as 'BOUTIQUE' with high women's fashion relevance.; Presence of a fashion style blog suggests curation beyond a single own-label brand."
Brasil,,,https://vogue.globo.com,,,,,EXCLUDED,article_or_directory_not_business:MENTIONED_BUSINESS,UNKNOWN,UNKNOWN,UNKNOWN,UNKNOWN,UNKNOWN,UNKNOWN,MEDIUM,LOW,FALSE,multi brand fashion store Goa,https://vogue.com/article/how-to-sell-now-multi-brand; https://vogue.com/article/antwerp-belgium-guide,official_identity_weak
Britain,,,https://vogue.co.uk,,,,,EXCLUDED,article_or_directory_not_business:MENTIONED_BUSINESS,UNKNOWN,UNKNOWN,UNKNOWN,UNKNOWN,UNKNOWN,NO,MEDIUM,REJECTED,FALSE,multi brand fashion store Goa,https://vogue.com/article/how-to-sell-now-multi-brand; https://vogue.com/article/antwerp-belgium-guide,wrong_geography
Bunti,,,,,,,,EXCLUDED,article_or_directory_not_business:MENTIONED_BUSINESS,UNKNOWN,UNKNOWN,UNKNOWN,UNKNOWN,UNKNOWN,UNKNOWN,LOW,LOW,FALSE,women's fashion boutique Goa,https://bestpixeldesign.com/blogs/news/the-most-stylish-boutiques-designers-in-goa,official_identity_weak
Bunti,,,,,,,,EXCLUDED,article_or_directory_not_business:MENTIONED_BUSINESS,UNKNOWN,UNKNOWN,UNKNOWN,UNKNOWN,UNKNOWN,UNKNOWN,LOW,LOW,FALSE,women's fashion boutique Goa,https://ringbe.com/blogs/news/the-most-stylish-boutiques-designers-in-goa,official_identity_weak
Burstenhaus,,,https://buerstenhaus.de/home-en,,,,,EXCLUDED,article_or_directory_not_business:MENTIONED_BUSINESS,UNKNOWN,UNKNOWN,UNKNOWN,YES,NO,NO,MEDIUM,REJECTED,FALSE,multi brand fashion store Goa,https://cathaypacific.com/cx/en_MM/inspiration/shopping/best-places-shopping-frankfurt.html,"The page is a curated listicle titled 'The best places to go shopping in Frankfurt' which explicitly lists 'Burstenhaus' as one of the top retail spots.; The text describes the location as a place with 'niche boutiques and trendy design spaces', implying a curation of independent labels rather than just mass-market goods.; The business is presented alongside other specific boutique names (MyZeil, Fifty Eight, Frida), suggesting it operates as a multi-brand or curated independent-designer stor..."
Business Goa,,,https://businessgoa.in/weaving-indias-fashion-legacy,https://instagram.com/businessgoamagazine,https://facebook.com/businessgoa,,media@businessgoa.com,EXCLUDED,article_or_directory_not_business:SELF,BOUTIQUE,MEDIUM,UNKNOWN,UNKNOWN,NO,NO,HIGH,HIGH,FALSE,multi brand fashion store Goa,https://businessgoa.in/weaving-indias-fashion-legacy,"The website title and metadata identify the entity as 'Business Goa | Goa's Only Business Magazine'.; The page content includes a contact form, editorial navigation (Cover Story, Focus, Events), and copyright information typical of a media publication.; Although the text mentions 'Multi-Brand Store' in a tag or article context, the entity itself is the publisher of that list/article, not the retailer selling the goods.; The address provided is for the magazine's office (Citicentre, Patto Plaz..."
Báo lỗi,,,https://m.me/sakurafashion.vn,,,,,EXCLUDED,article_or_directory_not_business:MENTIONED_BUSINESS,UNKNOWN,UNKNOWN,UNKNOWN,UNKNOWN,NO,UNKNOWN,MEDIUM,LOW,FALSE,women's fashion boutique Goa,https://sakurafashion.vn/shop-thoi-trang-nu-phong-cach-han-quoc-dep-nhat-nha-trang-khanh-hoa-6601.html?srsltid=AU7gw4WMgC8mgHnsuqH4_P8pddBAHQ8E1ZHCG3d1KQE7QAXGR2y0z5n7,"The page is a directory/listicle titled 'Top 17 shop...' listing multiple independent boutiques (Greenpea's, Gạo Boutique, etc.) rather than the retailer itself.; The URL structure and content indicate this is an aggregator or blog post compiling a list of stores, not the official website of a single retail business.; The structured facts identify the entity as 'Sakura Fashion' but the page context is clearly a roundup article ('roundup_page', 'external_business_link'), making it ineligible a..."
cafeforgot.com,,,https://cafeforgot.com,,,,,EXCLUDED,article_or_directory_not_business:MENTIONED_BUSINESS,UNKNOWN,UNKNOWN,YES,YES,NO,NO,MEDIUM,REJECTED,FALSE,concept store Goa fashion,https://wallpaper.com/fashion-beauty/best-fashion-stores-new-york-shopping-guide,"The page is an article on Wallpaper* (a media publication) announcing the opening of 'Essx', a new concept store. The text describes Essx as a 'concept and community store' by Leong Leong and Yossi Sh; reasoning_summary_page_is_article_not_store}**potential_stockist = NO**"
Candolim,,,,,,,,EXCLUDED,article_or_directory_not_business:MENTIONED_BUSINESS,UNKNOWN,UNKNOWN,UNKNOWN,UNKNOWN,UNKNOWN,UNKNOWN,LOW,LOW,FALSE,multi brand fashion store Goa,https://thebluekite.com/blogs/luxury-shopping-in-goa,hotel_resort_boutique
China,,,https://vogue.com.cn,,,,,EXCLUDED,article_or_directory_not_business:MENTIONED_BUSINESS,UNKNOWN,UNKNOWN,UNKNOWN,UNKNOWN,UNKNOWN,UNKNOWN,MEDIUM,LOW,FALSE,multi brand fashion store Goa,https://vogue.com/article/how-to-sell-now-multi-brand; https://vogue.com/article/antwerp-belgium-guide,official_identity_weak
ChintamaniAlchemi,Goa,,https://chintamanialchemi.com?srsltid=AU7gw4VX_kkGj3KXeCgzdmdsQHLBoik0v0RrtLAen0asP24ZD7LoZtIF,https://instagram.com/shopify,https://facebook.com/shopify,+91 81499 66172,,EXCLUDED,own_label_not_external_stockist,UNKNOWN,MEDIUM,YES,NO,NO,UNKNOWN,MEDIUM,HIGH,FALSE,women's fashion boutique Goa,https://chintamanialchemi.com?srsltid=AU7gw4VX_kkGj3KXeCgzdmdsQHLBoik0v0RrtLAen0asP24ZD7LoZtIF,"The website explicitly presents 'ChintamaniAlchemi' as a single brand selling its own handmade products ('Handmade since 2009', 'Our store in Goa'). The navigation lists only the label's own collectio; The page title 'Our store in Goa' and address details confirm a physical location, but the business model is clearly single-brand (own-label), which disqualifies it as a potential stockist for another"
City Chic,,,https://citychic.co.nz?srsltid=AU7gw4XhaFjzlqfm_DvURvLkFWHdlFf6zkLD0VD0w8mnTM8r4BjtNq91,,,,,EXCLUDED,identity_demonstrably_invalid,UNKNOWN,UNKNOWN,UNKNOWN,UNKNOWN,NO,NO,LOW,REJECTED,FALSE,women's fashion boutique Goa,https://citychic.co.nz?srsltid=AU7gw4XhaFjzlqfm_DvURvLkFWHdlFf6zkLD0VD0w8mnTM8r4BjtNq91,"The provided URL (citychic.co.nz) is a known multi-brand retailer website, but the specific page content and text excerpt are empty/missing in the input data. The structured facts, headings, and city ; The search query mentions 'Goa', but the website domain is .co.nz (New Zealand), and no city data is present in the structured fields. This creates a geographical mismatch that prevents confirming rel"
Click to view,Goa,,https://museumofgoa.com,,,,,EXCLUDED,article_or_directory_not_business:MENTIONED_BUSINESS,UNKNOWN,UNKNOWN,YES,YES,NO,UNKNOWN,MEDIUM,LOW,FALSE,women's fashion boutique Goa; multi brand fashion store Goa; concept store Goa fashion,https://makeithappen.co.in/shopping-places-in-goa,"The page lists 'Museum of Goa (MOG) Store' alongside other distinct retail entities like 'COCO LENI', 'Leão Ethical Wear', and 'Saree Speak' under a 'Best places to Shop in Goa' section.; The description for MOG mentions it sells 'unusual sculptures, paintings... figurines and art souvenirs, bags, postcards, and jewellery', indicating a multi-category retail environment rather than a s; The presence of multiple independent names (COCO LENI, Leão Ethical Wear) in the same roundup suggests the ..."
climaxbooks.com,,,https://climaxbooks.com,,,,,EXCLUDED,article_or_directory_not_business:MENTIONED_BUSINESS,UNKNOWN,UNKNOWN,YES,YES,NO,NO,MEDIUM,REJECTED,FALSE,concept store Goa fashion,https://wallpaper.com/fashion-beauty/best-fashion-stores-new-york-shopping-guide,"The page is an article on Wallpaper* (a media publisher) announcing the opening of 'Essx', a new concept store. The URL provided in the JSON (climaxbooks.com) appears to be an error or unrelated entit; The content describes 'Essx' as a 'concept and community store', which implies multi-brand capability, but the webpage itself is a media publication (Wallpaper*) reporting on this news, not the retail; The structured facts identify the organization as 'Wallpaper*', confirming the source is a ma..."
Clothing Boutique PNG Transparent Images Free Download,,,https://pngtree.com/so/clothing-boutique,,,,,EXCLUDED,identity_demonstrably_invalid,BOUTIQUE,UNKNOWN,NO,NO,NO,UNKNOWN,MEDIUM,MEDIUM,FALSE,women's fashion boutique Goa,https://pngtree.com/so/clothing-boutique,"The page is a stock image repository (pngtree.com) offering 'Clothing Boutique PNG Transparent Images' for download, not a physical retail store or an e-commerce site selling fashion goods. The busine"
Coexist Berlin,,,https://coexist-berlin.de,https://instagram.com/coexistberlin,https://facebook.com/CoexistBerlin,+49 30 28420091,,EXCLUDED,wrong_geography,DESIGNER,LOW,UNKNOWN,YES,YES,NO,HIGH,REJECTED,FALSE,concept store Goa fashion,https://coexist-berlin.de,"The website explicitly lists a wide variety of independent labels (e.g., Badinka, CLAW.BERLIN, Demoniacult, Funkplus, Kat Maunz, Tripp NYC) under an 'About Brands' section.; The meta description states: 'We support independent labels from all over the world. We stock handmade and unique pieces...'; The site structure includes categories for multiple brands alongside an in-house brand ('Indyanna'), indicating a multi-brand retail model rather than a single-designer studio."
collinastrada.com,,,https://awin1.com/awclick.php?awinaffid=103504&awinmid=62361&clickref=wallpaper-us-3072480113320013092&p=https%3A%2F%2Fcollinastrada.com%2Fpages%2Fcollina-strada-flagship-store%3Fsrsltid%3DAfmBOoqXME7hWw6ZD0em6gTUJSWMXk5KtPj2z9cvOhMJ9QqfSc1V1iRz,,,,,EXCLUDED,article_or_directory_not_business:MENTIONED_BUSINESS,UNKNOWN,UNKNOWN,YES,YES,NO,NO,MEDIUM,REJECTED,FALSE,concept store Goa fashion,https://wallpaper.com/fashion-beauty/best-fashion-stores-new-york-shopping-guide,"The page is a 'Wallpaper*' article titled 'A guide to the best fashion stores New York has to offer', which lists multiple retailers including 'Essx' and 'Collina Strada'.; The text describes 'Essx' as a 'new concept and community store' and mentions 'Café Forgot' and 'The Row' in the headings, indicating a multi-brand or curated independent-designer environment.; Concept stores like Essx typically curate multiple independent labels rather than selling only their own brand, fitting the criter..."
Commonly Asked Questions (FAQs),,,,,,,,EXCLUDED,article_or_directory_not_business:MENTIONED_BUSINESS,UNKNOWN,UNKNOWN,UNKNOWN,UNKNOWN,UNKNOWN,UNKNOWN,LOW,LOW,FALSE,women's fashion boutique Goa,https://agoda.com/travel-guides/india/goa/discover-unique-boutiques-in-goas-hidden-gems,official_identity_weak
Congratulations!,,,,,,,,EXCLUDED,article_or_directory_not_business:MENTIONED_BUSINESS,UNKNOWN,UNKNOWN,UNKNOWN,UNKNOWN,UNKNOWN,UNKNOWN,LOW,LOW,FALSE,women's fashion boutique Goa,https://timesofindia.indiatimes.com/travel/goa/travel-guide/your-guide-to-goas-best-boutiques/gs34078469.cms,official_identity_weak
Continue reading,,,,,,,,EXCLUDED,article_or_directory_not_business:MENTIONED_BUSINESS,UNKNOWN,UNKNOWN,UNKNOWN,UNKNOWN,UNKNOWN,UNKNOWN,LOW,LOW,FALSE,women's fashion boutique Goa,https://lavanyathelabel.com/blogs/news/goa-outfits-for-women-ideas,official_identity_weak
Copy shortlink,,,https://wp.me/p7oHdi-mC,,,,,EXCLUDED,article_or_directory_not_business:MENTIONED_BUSINESS,UNKNOWN,UNKNOWN,UNKNOWN,UNKNOWN,UNKNOWN,UNKNOWN,MEDIUM,LOW,FALSE,concept store Goa fashion,https://goagrapevinedotcom.wordpress.com/2019/04/06/top-5-places-for-dress-shopping-in-goa,official_identity_weak
Czechoslovakia,,,https://vogue.cz,,,,,EXCLUDED,article_or_directory_not_business:MENTIONED_BUSINESS,UNKNOWN,UNKNOWN,UNKNOWN,UNKNOWN,UNKNOWN,UNKNOWN,MEDIUM,LOW,FALSE,multi brand fashion store Goa,https://vogue.com/article/how-to-sell-now-multi-brand; https://vogue.com/article/antwerp-belgium-guide,official_identity_weak
Dainik Gomantak,,,https://dainikgomantak.esakal.com,,,,,EXCLUDED,article_or_directory_not_business:MENTIONED_BUSINESS,UNKNOWN,UNKNOWN,UNKNOWN,UNKNOWN,UNKNOWN,UNKNOWN,MEDIUM,LOW,FALSE,women's fashion boutique Goa,https://gomantaktimes.com/my-goa/shopping-in-goa/modish-boutique-a-fashion-haven-for-women-in-goa; https://gomantaktimes.com/lifestyle/these-lifestyle-stores-in-goa-will-take-your-style-to-the-next-level; https://gomantaktimes.com/my-goa/shopping-in-goa/a-design-driven-boutique-offering-the-perfect-escape-in-goa; https://gomantaktimes.com/my-goa/shopping-in-goa/top-5-popular-shopping-outlets-in-goa; https://gomantaktimes.com/my-goa/shopping-in-goa/four-iconic-concept-stores-to-visit-in-goa,official_identity_weak
desertvintage.com,,,https://desertvintage.com,,,,,EXCLUDED,article_or_directory_not_business:MENTIONED_BUSINESS,UNKNOWN,UNKNOWN,YES,YES,NO,NO,MEDIUM,REJECTED,FALSE,concept store Goa fashion,https://wallpaper.com/fashion-beauty/best-fashion-stores-new-york-shopping-guide,"The page is an article on Wallpaper* (a media publisher) announcing the opening of 'Essx', a new concept store. The text describes Essx as a 'concept and community store' but does not provide evidence; The website field points to 'desertvintage.com', which is linked in the address section regarding 'Every week new treasures can be found' and opening in Tucson/Orchard Street. However, the primary con; The structured facts identify the organization as 'Wallpaper*', which is a magazine/media out..."
Design Pataki,GOA,,https://designpataki.com/your-definitive-guide-to-shopping-for-decor-and-furniture-in-goa,,,,,EXCLUDED,identity_demonstrably_invalid,UNKNOWN,UNKNOWN,UNKNOWN,UNKNOWN,NO,UNKNOWN,LOW,REJECTED,FALSE,concept store Goa fashion,https://designpataki.com/your-definitive-guide-to-shopping-for-decor-and-furniture-in-goa,"The page title and content focus on 'Decor And Furniture', not fashion retail.; The URL path and meta description explicitly target shopping for decor and furniture in Goa.; There is no evidence of a physical fashion boutique, multi-brand store, or curated independent-designer section on this specific page.; The page appears to be a guide/article rather than the main storefront for a fashion retailer."
Design Village,,,,,,,,EXCLUDED,article_or_directory_not_business:MENTIONED_BUSINESS,UNKNOWN,UNKNOWN,UNKNOWN,UNKNOWN,UNKNOWN,UNKNOWN,LOW,LOW,FALSE,women's fashion boutique Goa,https://bestpixeldesign.com/blogs/news/the-most-stylish-boutiques-designers-in-goa,official_identity_weak
Design Village,,,,,,,,EXCLUDED,article_or_directory_not_business:MENTIONED_BUSINESS,UNKNOWN,UNKNOWN,UNKNOWN,UNKNOWN,UNKNOWN,UNKNOWN,LOW,LOW,FALSE,women's fashion boutique Goa,https://ringbe.com/blogs/news/the-most-stylish-boutiques-designers-in-goa,official_identity_weak
Designer Fashion & Resort Wear,,,,,,,,EXCLUDED,article_or_directory_not_business:MENTIONED_BUSINESS,UNKNOWN,UNKNOWN,UNKNOWN,UNKNOWN,UNKNOWN,UNKNOWN,LOW,LOW,FALSE,multi brand fashion store Goa,https://thebluekite.com/blogs/luxury-shopping-in-goa,hotel_resort_boutique
Designer Finds and Luxe Indulgences,,,,,,,,EXCLUDED,article_or_directory_not_business:MENTIONED_BUSINESS,UNKNOWN,UNKNOWN,UNKNOWN,UNKNOWN,UNKNOWN,UNKNOWN,LOW,LOW,FALSE,women's fashion boutique Goa; concept store Goa fashion,https://thebluekite.com/blogs/shopping-in-north-goa,official_identity_weak
DETAILS,,,,,,,,EXCLUDED,article_or_directory_not_business:MENTIONED_BUSINESS,UNKNOWN,UNKNOWN,UNKNOWN,UNKNOWN,UNKNOWN,UNKNOWN,LOW,LOW,FALSE,women's fashion boutique Goa,https://gomantaktimes.com/my-goa/shopping-in-goa/modish-boutique-a-fashion-haven-for-women-in-goa,official_identity_weak
Discovering Goa’s Hidden Boutique Treasures,,,,,,,,EXCLUDED,article_or_directory_not_business:MENTIONED_BUSINESS,UNKNOWN,UNKNOWN,UNKNOWN,UNKNOWN,UNKNOWN,UNKNOWN,LOW,LOW,FALSE,women's fashion boutique Goa,https://agoda.com/travel-guides/india/goa/discover-unique-boutiques-in-goas-hidden-gems,official_identity_weak
DK Company,,,https://dkcompany.com/global/retail/byoung,https://instagram.com/dkcompany_com,https://facebook.com/p/DK-Company-AS-Office-Ikast-100063722416669,+45 96 600 700,info@dkcompany.com,EXCLUDED,unrelated_or_non_retail_business,UNKNOWN,UNKNOWN,UNKNOWN,UNKNOWN,NO,UNKNOWN,MEDIUM,MEDIUM,FALSE,multi brand fashion store Goa,https://dkcompany.com/global/retail/byoung,"The page is a corporate contact/landing page for 'DK Company', identified as a supplier and manufacturer (mention of 'Supplier Manual', 'Suppliers: Committed to Better Practices'). The text lists vari; The search query mentions 'Goa', but the website addresses are in Denmark (Ikast, Vejle, Copenhagen), indicating this is likely the supplier's global site, not a local Goa stockist. Without evidence o"
Eco,,,,,,,,EXCLUDED,article_or_directory_not_business:MENTIONED_BUSINESS,UNKNOWN,UNKNOWN,UNKNOWN,UNKNOWN,UNKNOWN,UNKNOWN,LOW,LOW,FALSE,women's fashion boutique Goa,https://agoda.com/travel-guides/india/goa/discover-unique-boutiques-in-goas-hidden-gems,official_identity_weak
ELLE Man,,,https://elleman.vn/phong-cach/thoi-trang/8-dia-diem-mua-sam-local-brand-noi-bat-tai-sai-gon,,,,,EXCLUDED,identity_demonstrably_invalid,UNKNOWN,UNKNOWN,UNKNOWN,UNKNOWN,NO,UNKNOWN,LOW,REJECTED,FALSE,multi brand fashion store Goa,https://elleman.vn/phong-cach/thoi-trang/8-dia-diem-mua-sam-local-brand-noi-bat-tai-sai-gon,The page is an article titled '8 địa điểm mua sắm local brand nổi bật tại Sài Gòn' (8 notable local brand shopping destinations in Saigon) published on ELLE Man. The content lists other stores but the
eSakal,,,https://esakal.com,,,,,EXCLUDED,article_or_directory_not_business:MENTIONED_BUSINESS,UNKNOWN,UNKNOWN,UNKNOWN,UNKNOWN,UNKNOWN,UNKNOWN,MEDIUM,LOW,FALSE,women's fashion boutique Goa,https://gomantaktimes.com/my-goa/shopping-in-goa/modish-boutique-a-fashion-haven-for-women-in-goa; https://gomantaktimes.com/lifestyle/these-lifestyle-stores-in-goa-will-take-your-style-to-the-next-level; https://gomantaktimes.com/my-goa/shopping-in-goa/a-design-driven-boutique-offering-the-perfect-escape-in-goa; https://gomantaktimes.com/my-goa/shopping-in-goa/top-5-popular-shopping-outlets-in-goa; https://gomantaktimes.com/my-goa/shopping-in-goa/four-iconic-concept-stores-to-visit-in-goa,official_identity_weak
ESHA MAJUMDER,Mumbai,"Nagar, Andheri (East), Mumbai – 400059 CIN: U74120MH2015PTC271160 Send us a message Send us a message What can we help with?",https://district.in/events/india-beach-fashion-week-season-12-goa-oct9-2026-buy-tickets?srsltid=AU7gw4VPbRbYJDljfxahuRtqWEhwpmild04974ZV1SZnnCBAIxquhV9g,https://instagram.com/districtupdates,https://facebook.com/districtupdates,0124-4268565,support@district.in,EXCLUDED,unrelated_or_non_retail_business,DESIGNER,UNKNOWN,YES,UNKNOWN,NO,YES,HIGH,HIGH,FALSE,concept store Goa fashion,https://district.in/events/india-beach-fashion-week-season-12-goa-oct9-2026-buy-tickets?srsltid=AU7gw4VPbRbYJDljfxahuRtqWEhwpmild04974ZV1SZnnCBAIxquhV9g,"The page is a contact/support page for 'District by Zomato', which is an event ticketing and lifestyle platform (Zomato ecosystem), not a fashion retailer.; The structured facts identify the organization as 'District by Zomato' and 'Wasteland Entertainment Private Limited', indicating a service business focused on events (India Beach Fashion Week) rather ; The text excerpt describes support for bookings, payments, and in-app chat, confirming the entity is a marketplace/service provider for ti..."
España,,,https://vogue.es,,,,,EXCLUDED,article_or_directory_not_business:MENTIONED_BUSINESS,UNKNOWN,UNKNOWN,UNKNOWN,UNKNOWN,UNKNOWN,NO,MEDIUM,REJECTED,FALSE,multi brand fashion store Goa,https://vogue.com/article/how-to-sell-now-multi-brand; https://vogue.com/article/antwerp-belgium-guide,wrong_geography
Esquire Vietnam,,,https://esquire.vn/nhung-khu-to-hop-mua-sam-local-brand-viet,,,,,EXCLUDED,article_or_directory_not_business:UNKNOWN,UNKNOWN,UNKNOWN,UNKNOWN,UNKNOWN,NO,UNKNOWN,LOW,REJECTED,FALSE,multi brand fashion store Goa,https://esquire.vn/nhung-khu-to-hop-mua-sam-local-brand-viet,"The source URL (esquire.vn) and page title indicate this is a news article or editorial listing ('Những ""thủ phủ mua sắm"" thu nhỏ...') rather than the website of a specific physical store. The 'direct"
Essentials for a Goa Trip,,,,,,,,EXCLUDED,article_or_directory_not_business:MENTIONED_BUSINESS,UNKNOWN,UNKNOWN,UNKNOWN,UNKNOWN,UNKNOWN,UNKNOWN,LOW,LOW,FALSE,women's fashion boutique Goa,https://lavanyathelabel.com/blogs/news/goa-outfits-for-women-ideas,official_identity_weak
Experience Over Transaction,,,,,,,,EXCLUDED,article_or_directory_not_business:MENTIONED_BUSINESS,UNKNOWN,UNKNOWN,UNKNOWN,UNKNOWN,UNKNOWN,UNKNOWN,LOW,LOW,FALSE,multi brand fashion store Goa,https://thebluekite.com/blogs/luxury-shopping-in-goa,hotel_resort_boutique
Fara Boutique,,,,,,,,EXCLUDED,article_or_directory_not_business:MENTIONED_BUSINESS,UNKNOWN,UNKNOWN,UNKNOWN,UNKNOWN,UNKNOWN,UNKNOWN,LOW,LOW,FALSE,women's fashion boutique Goa,https://bestpixeldesign.com/blogs/news/the-most-stylish-boutiques-designers-in-goa,official_identity_weak
Fara Boutique,,,,,,,,EXCLUDED,article_or_directory_not_business:MENTIONED_BUSINESS,UNKNOWN,UNKNOWN,UNKNOWN,UNKNOWN,UNKNOWN,UNKNOWN,LOW,LOW,FALSE,women's fashion boutique Goa,https://ringbe.com/blogs/news/the-most-stylish-boutiques-designers-in-goa,official_identity_weak
FARABOUTIQUE,,,https://faraboutique.com/en-in?srsltid=AU7gw4Xv5DMkVeNaKgtw-VuiAdZ0C0vxddugpxMbLJ7K2EA06JMH_vQ4,https://instagram.com/faraboutique,https://facebook.com/boutiquefara,,,EXCLUDED,wrong_geography,BOUTIQUE,MEDIUM,UNKNOWN,UNKNOWN,NO,NO,HIGH,REJECTED,FALSE,women's fashion boutique Goa,https://faraboutique.com/en-in?srsltid=AU7gw4Xv5DMkVeNaKgtw-VuiAdZ0C0vxddugpxMbLJ7K2EA06JMH_vQ4; https://bestpixeldesign.com/blogs/news/the-most-stylish-boutiques-designers-in-goa; https://ringbe.com/blogs/news/the-most-stylish-boutiques-designers-in-goa; https://lbb.in/goa/fashion-brands-goa,"The page title is 'Our Stockists' and the meta description states 'FARA Boutique is stocked in Europe, North America and Mexico', indicating FARABOUTIQUE is a brand selling its own products rather tha; The structured facts identify the entity as 'FARABOUTIQUE' with a 'BOUTIQUE' type, but the content explicitly frames the business as the brand being stocked elsewhere ('Find out where you can find us "
Fashion Factory Locator,,,https://location.reliancefashionfactorystores.com/fashion-factory-ff-goa-margaon-clothing-stores-madgaon-margao-286935/Home,,,,,EXCLUDED,article_or_directory_not_business:DIRECTORY,UNKNOWN,UNKNOWN,NO,UNKNOWN,UNKNOWN,NO,MEDIUM,REJECTED,FALSE,multi brand fashion store Goa,https://magicpin.in/Goa/Margao/Fashion/Brand-Factory/store/38a935; https://location.reliancefashionfactorystores.com/fashion-factory-ff-goa-margaon-clothing-stores-madgaon-margao-286935/Home,not_self_business:DIRECTORY
Fashion First 2020,,,https://femina.in/fashion-first-2020,,,,,EXCLUDED,article_mention_not_verified_shop,UNKNOWN,UNKNOWN,UNKNOWN,UNKNOWN,UNKNOWN,UNKNOWN,MEDIUM,LOW,FALSE,concept store Goa fashion,https://grazia.co.in/fashion/craftsmanship-and-community-converge-at-shop-lunes-new-goa-shop-gallery-11369.html,official_identity_weak
Fashion Network,,,"https://ww.fashionnetwork.com/news/Future-collective-india-mixes-craft-and-culture-with-commerce-in-goa-at-new-launch-noun-,1782644.html",,,,,EXCLUDED,article_or_directory_not_business:UNKNOWN,UNKNOWN,UNKNOWN,UNKNOWN,UNKNOWN,NO,UNKNOWN,LOW,REJECTED,FALSE,multi brand fashion store Goa; concept store Goa fashion,"https://ww.fashionnetwork.com/news/Future-collective-india-mixes-craft-and-culture-with-commerce-in-goa-at-new-launch-noun-,1782644.html","The source URL is a news article on Fashion Network (a media outlet) about a third-party launch, not the retailer's own website.; The page title and content describe an event or news story ('Future-collective-india...'), not a commercial storefront selling products.; No physical store address, product catalog, or 'Shop Now' functionality is present on this specific page; it is a publisher/article page."
FashionUnited,,"Fashion total like-for-like (LFL) sales rose +0.82%, according to the latest BDO High Street Sales Tracker, against a demanding +8.14% base a year earlier.",https://fashionunited.uk/news/background/exploring-physical-retail-from-pop-ups-to-multibrand-and-flagships/2023100271906,,,,,EXCLUDED,identity_demonstrably_invalid,MULTI_DESIGNER,HIGH,NO,UNKNOWN,NO,NO,HIGH,REJECTED,FALSE,multi brand fashion store Goa,https://fashionunited.uk/news/background/exploring-physical-retail-from-pop-ups-to-multibrand-and-flagships/2023100271906,"The website is a news and industry publication (FashionUnited) discussing retail trends, not a physical boutique or multi-brand retailer itself.; The page content consists of articles about sales data, glossary definitions of store types, and general industry analysis.; There is no evidence of a physical retail location selling fashion products to the public on this specific domain."
Femmella App,,,https://femmella.page.link/RtQw,,,,,EXCLUDED,article_or_directory_not_business:MENTIONED_BUSINESS,UNKNOWN,HIGH,UNKNOWN,NO,NO,UNKNOWN,MEDIUM,LOW,FALSE,women's fashion boutique Goa,https://femmella.com,"The website sells exclusively its own 'FEMMELLA' brand products (dresses, tops, co-ords) with no indication of carrying other independent labels.; The business model appears to be a direct-to-consumer own-label retailer rather than a multi-brand boutique or curated store.; According to the rules, a single brand/own-label designer selling only its own products is classified as potential_stockist = NO."
Fifty Eight,,,https://fiftyeights.de,,,,,EXCLUDED,article_or_directory_not_business:MENTIONED_BUSINESS,UNKNOWN,UNKNOWN,NO,YES,NO,NO,MEDIUM,REJECTED,FALSE,multi brand fashion store Goa,https://cathaypacific.com/cx/en_MM/inspiration/shopping/best-places-shopping-frankfurt.html,"The page is a travel/lifestyle article from Cathay Pacific listing 'Fifty Eight' as one of the best shopping spots in Frankfurt.; The content describes Fifty Eight as a 'trendy design space' and part of a 'roundup of retail spots', not as a direct retailer on this specific URL.; This source page is a directory/listicle hosted by an airline, not the business's own website or a dedicated brand site.; Per instructions: 'Directory, article, and listicle pages are not the business itself.'; The st..."
Flame Store,,,,,,,,EXCLUDED,article_or_directory_not_business:MENTIONED_BUSINESS,UNKNOWN,UNKNOWN,UNKNOWN,UNKNOWN,UNKNOWN,UNKNOWN,LOW,LOW,FALSE,women's fashion boutique Goa,https://bestpixeldesign.com/blogs/news/the-most-stylish-boutiques-designers-in-goa,official_identity_weak
Flame Store,,,,,,,,EXCLUDED,article_or_directory_not_business:MENTIONED_BUSINESS,UNKNOWN,UNKNOWN,UNKNOWN,UNKNOWN,UNKNOWN,UNKNOWN,LOW,LOW,FALSE,women's fashion boutique Goa,https://ringbe.com/blogs/news/the-most-stylish-boutiques-designers-in-goa,official_identity_weak
Flea Markets: Where Fun Meets Shopping,,,,,,,,EXCLUDED,article_or_directory_not_business:MENTIONED_BUSINESS,UNKNOWN,UNKNOWN,UNKNOWN,UNKNOWN,UNKNOWN,UNKNOWN,LOW,LOW,FALSE,women's fashion boutique Goa; concept store Goa fashion,https://thebluekite.com/blogs/shopping-in-north-goa,official_identity_weak
For More Goa Travel Planning Guides:,,,,,,,,EXCLUDED,article_or_directory_not_business:MENTIONED_BUSINESS,UNKNOWN,UNKNOWN,UNKNOWN,UNKNOWN,UNKNOWN,UNKNOWN,LOW,LOW,FALSE,women's fashion boutique Goa,https://bestpixeldesign.com/blogs/news/the-most-stylish-boutiques-designers-in-goa,official_identity_weak
For More Goa Travel Planning Guides:,,,,,,,,EXCLUDED,article_or_directory_not_business:MENTIONED_BUSINESS,UNKNOWN,UNKNOWN,UNKNOWN,UNKNOWN,UNKNOWN,UNKNOWN,LOW,LOW,FALSE,women's fashion boutique Goa,https://ringbe.com/blogs/news/the-most-stylish-boutiques-designers-in-goa,official_identity_weak
France,,,https://vogue.fr,,,,,EXCLUDED,article_or_directory_not_business:MENTIONED_BUSINESS,UNKNOWN,UNKNOWN,UNKNOWN,UNKNOWN,UNKNOWN,NO,MEDIUM,REJECTED,FALSE,multi brand fashion store Goa,https://vogue.com/article/how-to-sell-now-multi-brand; https://vogue.com/article/antwerp-belgium-guide,wrong_geography
Frida,,,https://frida-frankfurt.de/impressum,,,,,EXCLUDED,article_or_directory_not_business:MENTIONED_BUSINESS,UNKNOWN,UNKNOWN,NO,YES,NO,NO,MEDIUM,REJECTED,FALSE,multi brand fashion store Goa,https://cathaypacific.com/cx/en_MM/inspiration/shopping/best-places-shopping-frankfurt.html,"The page is a travel/lifestyle article by Cathay Pacific listing shopping destinations in Frankfurt, not the retailer's own site.; The business name extracted ('Frida') refers to a specific store mentioned in the text, but the webpage itself is a directory/listicle hosted on an airline's domain.; According to rules, directory, article, and listicle pages are not the business itself and should be classified as NO or UNKNOWN for 'potential_stockist' if they do not represent the retailer's own s..."
Friday Market,,,,,,,,EXCLUDED,article_or_directory_not_business:MENTIONED_BUSINESS,UNKNOWN,UNKNOWN,UNKNOWN,UNKNOWN,UNKNOWN,UNKNOWN,LOW,LOW,FALSE,women's fashion boutique Goa,https://bestpixeldesign.com/blogs/news/the-most-stylish-boutiques-designers-in-goa,official_identity_weak
Friday Market,,,,,,,,EXCLUDED,article_or_directory_not_business:MENTIONED_BUSINESS,UNKNOWN,UNKNOWN,UNKNOWN,UNKNOWN,UNKNOWN,UNKNOWN,LOW,LOW,FALSE,women's fashion boutique Goa,https://ringbe.com/blogs/news/the-most-stylish-boutiques-designers-in-goa,official_identity_weak
fulfillmenttools,Cologne,"Schanzenstraße 6-20, Cologne, 51063, DE",https://fulfillmenttools.com/case-studies/multi-brand-business-kanmo,,,,hello@fulfillmenttools.com,EXCLUDED,unrelated_or_non_retail_business,MARKETPLACE,UNKNOWN,YES,NO,NO,UNKNOWN,HIGH,MEDIUM,FALSE,multi brand fashion store Goa,https://fulfillmenttools.com/case-studies/multi-brand-business-kanmo,"The website is for 'fulfillmenttools', a software and service provider specializing in order management, unified commerce, and in-store returns solutions.; The page describes the company as a technology partner helping retailers streamline fulfillment, not as a retailer selling fashion goods itself.; Although the text mentions 'in-store returns' and 'physical store', this refers to the capability of their software for existing retailers, not that fulfillmenttools operates a physical boutique ..."
Fun Facts About Goa’s Shopping Scene,,,,,,,,EXCLUDED,article_or_directory_not_business:MENTIONED_BUSINESS,UNKNOWN,UNKNOWN,UNKNOWN,UNKNOWN,UNKNOWN,UNKNOWN,LOW,LOW,FALSE,women's fashion boutique Goa,https://agoda.com/travel-guides/india/goa/discover-unique-boutiques-in-goas-hidden-gems,official_identity_weak
Gemma Carver Studio,,,,,,,,EXCLUDED,article_or_directory_not_business:MENTIONED_BUSINESS,UNKNOWN,UNKNOWN,UNKNOWN,UNKNOWN,UNKNOWN,UNKNOWN,LOW,LOW,FALSE,women's fashion boutique Goa,https://timesofindia.indiatimes.com/travel/goa/travel-guide/your-guide-to-goas-best-boutiques/gs34078469.cms,official_identity_weak
Germany,,,https://vogue.de,,,,,EXCLUDED,article_or_directory_not_business:MENTIONED_BUSINESS,UNKNOWN,UNKNOWN,UNKNOWN,UNKNOWN,UNKNOWN,NO,MEDIUM,REJECTED,FALSE,multi brand fashion store Goa,https://vogue.com/article/how-to-sell-now-multi-brand; https://vogue.com/article/antwerp-belgium-guide,wrong_geography
Go,,,https://godolly.com.au?srsltid=AU7gw4WnDhTnWOLiTOBJZme92yRY1u5O08HW4GXizWEfTwSieE4Q8I4l,https://instagram.com/go.dolly_online,https://facebook.com/go-dolly,0411273196,hello@godolly.com.au,EXCLUDED,wrong_geography,BOUTIQUE,HIGH,UNKNOWN,UNKNOWN,NO,NO,HIGH,REJECTED,FALSE,women's fashion boutique Goa,https://godolly.com.au?srsltid=AU7gw4WnDhTnWOLiTOBJZme92yRY1u5O08HW4GXizWEfTwSieE4Q8I4l,"The website (godolly.com.au) presents a single brand ('Go-Dolly') with categories like 'Best Sellers', 'Winter Edit', and 'Autumn Essentials' that appear to be proprietary collections rather than a cu"
goa Clothing for Women,,,https://us.vestiairecollective.com/women-clothing/goa,,,,,EXCLUDED,identity_demonstrably_invalid,UNKNOWN,UNKNOWN,UNKNOWN,YES,NO,YES,MEDIUM,HIGH,FALSE,women's fashion boutique Goa,https://us.vestiairecollective.com/women-clothing/goa,"The page is a marketplace listing for 'Vestiaire Collective', which aggregates pre-owned and vintage items from various sellers rather than operating as a curated independent boutique or multi-brand r"
GOA GOA Clothing for Women,,,https://modesens.com/designers/goa-goa/clothing,,,,,EXCLUDED,article_or_directory_not_business:SELF,UNKNOWN,UNKNOWN,UNKNOWN,YES,NO,YES,MEDIUM,HIGH,FALSE,women's fashion boutique Goa,https://modesens.com/designers/goa-goa/clothing,"The URL path '/designers/goa-goa/clothing' and page title 'GOA GOA Clothing for Women | ModeSens' indicate that the website functions as a multi-brand retailer or directory specifically aggregating in; The business name 'ModeSens' combined with the structure suggesting a collection of designers points to a fashion concept store or online boutique that carries multiple labels, fitting the criteria fo"
Goa Map,,,,,,,,EXCLUDED,article_or_directory_not_business:MENTIONED_BUSINESS,UNKNOWN,UNKNOWN,UNKNOWN,UNKNOWN,UNKNOWN,UNKNOWN,LOW,LOW,FALSE,women's fashion boutique Goa,https://timesofindia.indiatimes.com/travel/goa/travel-guide/your-guide-to-goas-best-boutiques/gs34078469.cms,official_identity_weak
GoGoaNow,GOA,,https://gogoanow.com/cat/boutiques,,,,,EXCLUDED,article_or_directory_not_business:UNKNOWN,UNKNOWN,UNKNOWN,UNKNOWN,YES,NO,UNKNOWN,LOW,REJECTED,FALSE,women's fashion boutique Goa; multi brand fashion store Goa,https://gogoanow.com/cat/boutiques,The page title 'Boutiques' and URL path '/cat/boutiques' indicate a curated list of physical stores. The business name 'GoGoaNow' combined with the category 'Boutiques' suggests a concept store or dir
Greece,,,https://vogue.gr,,,,,EXCLUDED,article_or_directory_not_business:MENTIONED_BUSINESS,UNKNOWN,UNKNOWN,UNKNOWN,UNKNOWN,UNKNOWN,UNKNOWN,MEDIUM,LOW,FALSE,multi brand fashion store Goa,https://vogue.com/article/how-to-sell-now-multi-brand; https://vogue.com/article/antwerp-belgium-guide,official_identity_weak
Handcrafted & Artisanal Treasures,,,,,,,,EXCLUDED,article_or_directory_not_business:MENTIONED_BUSINESS,UNKNOWN,UNKNOWN,UNKNOWN,UNKNOWN,UNKNOWN,UNKNOWN,LOW,LOW,FALSE,multi brand fashion store Goa,https://thebluekite.com/blogs/luxury-shopping-in-goa,hotel_resort_boutique
Happy Go Lucky Modest,,,https://hglmodest.com?srsltid=AU7gw4W4aFi_yfYkBsmP3YSx6AeAiOKztHM6JqlZaUlYd9YdH5ui-dN1,https://instagram.com/hglmodest,,+62 822 4007 4771,,EXCLUDED,unrelated_or_non_retail_business,MARKETPLACE,MEDIUM,UNKNOWN,YES,YES,UNKNOWN,HIGH,MEDIUM,FALSE,multi brand fashion store Goa,https://hglmodest.com?srsltid=AU7gw4W4aFi_yfYkBsmP3YSx6AeAiOKztHM6JqlZaUlYd9YdH5ui-dN1,"The website explicitly identifies itself as a 'multi-brand store' in the page title and meta description.; The text excerpt lists numerous distinct independent labels (e.g., Nabila Ishma, Studio Tui, Mistyvori, Karumi) alongside the retailer's own brand, confirming it carries other brands.; It functions as a curated fashion boutique rather than a single-brand manufacturer or marketplace aggregator without retail curation."
hglhouse,,,https://hglhouse.com?srsltid=AU7gw4XVWFh4Z2fKoHDCrUEkRysv1idhbh_Lq12Fu_RoH-REu3xEIVT8,https://instagram.com/hglhouse,,62 878 2106 8304,,EXCLUDED,unrelated_or_non_retail_business,MARKETPLACE,MEDIUM,UNKNOWN,YES,YES,UNKNOWN,HIGH,MEDIUM,FALSE,multi brand fashion store Goa,https://hglhouse.com?srsltid=AU7gw4XVWFh4Z2fKoHDCrUEkRysv1idhbh_Lq12Fu_RoH-REu3xEIVT8,"The website explicitly lists a 'Store Locator' and features sections for 'PRODUCT BRANDS', indicating it is a multi-brand retailer.; The meta description mentions celebrating the creativity of 'local existing lifestyle brands', implying they stock multiple independent labels rather than just their own.; The site structure includes categories like 'BAMBINI BY HGL Collaborations' alongside other brand names, confirming a curated multi-brand model suitable for an independent contemporary fashion..."
Homegrown,,"The store is located at: Bodice x rechuu 1/577 Princess Street Opposite Forte Kochi Hotel Fort Kochi, Kerala 682001 You can follow the concept store via Instagram .",https://homegrown.co.in/homegrown-supply/shop-offline-at-these-homegrown-experiential-boutiques-across-india,https://instagram.com/p/Cnglz17si_t,https://facebook.com/sharer.php?u=https%3A%2F%2Fhomegrown.co.in%2Fhomegrown-explore%2Ffind-vintage-collectables-antique-furniture-at-these-unique-stores-across-delhi,,editor@homegrown.co.in,EXCLUDED,article_or_directory_not_business:SELF,BOUTIQUE,LOW,YES,YES,YES,UNKNOWN,HIGH,MEDIUM,FALSE,multi brand fashion store Goa; concept store Goa fashion,https://homegrown.co.in/homegrown-supply/shop-offline-at-these-homegrown-experiential-boutiques-across-india,"The page explicitly lists 'Homegrown Experiential Boutiques' across India that carry multiple brands, including a specific mention of 'Fort Kochi's rechuu X Bodice Is A Concept Store'. The text states; reasoning_for_decision"
homer.com,,,https://homer.com,,,,,EXCLUDED,article_or_directory_not_business:MENTIONED_BUSINESS,UNKNOWN,UNKNOWN,YES,YES,NO,NO,MEDIUM,REJECTED,FALSE,concept store Goa fashion,https://wallpaper.com/fashion-beauty/best-fashion-stores-new-york-shopping-guide,"The page is an article on Wallpaper* (a media publisher) announcing the opening of 'Essx', a new concept store. The text describes Essx as a 'concept and community store' by local architecture firm Le"
House of Sal,Jaipur,"473/3, opp Woods Villa Resort, Agra Road, Sumel Road, Vijaypura, Jaipur 302031 Subscribe to Our Newsletter Your E-mail Subscribe © House of Sal .",https://houseofsal.com/collections/resort-wear,,,+91 88908 50380,support@houseofsal.com,EXCLUDED,unrelated_or_non_retail_business,RETAILER,MEDIUM,YES,NO,NO,UNKNOWN,HIGH,HIGH,FALSE,women's fashion boutique Goa,https://houseofsal.com/collections/resort-wear,"The website explicitly identifies 'House of Sal' as a single brand ('luxurious fashion house') selling its own ensembles.; The page is an 'About Us' section for the brand itself, not a multi-brand retailer.; No evidence suggests they stock other independent labels; they appear to be a direct-to-consumer own-label designer.; Despite mentions of Goa in city_mentions, the physical address provided is in Jaipur, and there is no indication of a multi-brand boutique model."
How Luxury Retail in Goa Evolved,,,,,,,,EXCLUDED,article_or_directory_not_business:MENTIONED_BUSINESS,UNKNOWN,UNKNOWN,UNKNOWN,UNKNOWN,UNKNOWN,UNKNOWN,LOW,LOW,FALSE,multi brand fashion store Goa,https://thebluekite.com/blogs/luxury-shopping-in-goa,hotel_resort_boutique
I.AM.GIA US,,,https://iamgia.com,https://instagram.com/iamgia,https://facebook.com/i.am.gia.thelabel,,customercare@iamgia.com,EXCLUDED,own_label_not_external_stockist,UNKNOWN,MEDIUM,UNKNOWN,NO,NO,UNKNOWN,MEDIUM,MEDIUM,FALSE,women's fashion boutique Goa,https://iamgia.com,"The website exclusively promotes 'I.AM.GIA' own-label collections (e.g., 'THE BLARE COLLECTIONS', 'Blare Hoodies'). The navigation structure lists only the brand's own categories (Dresses, Tops, Short; The page is a contact page for 'I.AM.GIA US', which appears to be the brand's direct-to-consumer site, not a curated retail space stocking multiple designers."
III. Hàng hiệu xách tay,,,,,,,,EXCLUDED,article_or_directory_not_business:MENTIONED_BUSINESS,UNKNOWN,UNKNOWN,UNKNOWN,UNKNOWN,UNKNOWN,UNKNOWN,LOW,LOW,FALSE,multi brand fashion store Goa,https://maisononline.vn/blogs/news/shop-ban-do-hieu-o-tphcm?srsltid=AU7gw4UF8NHdgx0uWZDxd2aMPRekB4QYADTcn1rVwopo1d4OXjvtPGn0,official_identity_weak
Infinite Vogue,Shirvodem,"Raza Plaza A, Shop No. 4, Shirvodem, 403707, IN",https://evendo.com/locations/india/goa/shop/infinite-vogue,https://instagram.com/evendo_travel,https://facebook.com/evendo.global,+44 203 026 1075,support@evendo.com,EXCLUDED,article_or_directory_not_business:ARTICLE,BOUTIQUE,HIGH,YES,UNKNOWN,NO,NO,LOW,REJECTED,FALSE,women's fashion boutique Goa,https://evendo.com/locations/india/goa/shop/infinite-vogue,"Physical store identified as 'Infinite Vogue' in Shirvodem, Goa.; Page describes it as a 'boutique' offering 'unique women's fashion' where 'tradition meets contemporary style'.; The page is a travel guide entry for a specific physical retail location (Shop No. 4, Raza Plaza A).; While the page does not explicitly list other brands carried on this specific listing, it identifies the entity as a multi-brand capable boutique ('unique women's fashion', 'elevate their wardrobe') r"
Intuendi Srl,,,https://intuendi.com/resource-center/multi-brand-retail,,https://www.facebook.com/intuendi/,,,EXCLUDED,unrelated_or_non_retail_business,MARKETPLACE,UNKNOWN,UNKNOWN,UNKNOWN,NO,UNKNOWN,HIGH,MEDIUM,FALSE,multi brand fashion store Goa,https://intuendi.com/resource-center/multi-brand-retail,"The website is for 'Intuendi Srl', a software company specializing in demand forecasting and inventory optimization, not a fashion retailer.; The page content discusses multi-brand retail strategies as a concept rather than presenting the site as a store selling clothes.; The business type is identified as 'MARKETPLACE' (referring to data/software) and lacks any evidence of being a physical boutique or curated independent-designer store selling other brands."
Is Goa good for clothes shopping?,,,,,,,,EXCLUDED,article_or_directory_not_business:MENTIONED_BUSINESS,UNKNOWN,UNKNOWN,UNKNOWN,UNKNOWN,UNKNOWN,UNKNOWN,LOW,LOW,FALSE,multi brand fashion store Goa,https://thebluekite.com/blogs/luxury-shopping-in-goa,hotel_resort_boutique
Italia,,,https://vogue.it,,,,,EXCLUDED,article_or_directory_not_business:MENTIONED_BUSINESS,UNKNOWN,UNKNOWN,UNKNOWN,UNKNOWN,UNKNOWN,NO,MEDIUM,REJECTED,FALSE,multi brand fashion store Goa,https://vogue.com/article/how-to-sell-now-multi-brand; https://vogue.com/article/antwerp-belgium-guide,wrong_geography
ItsGoa,GOA,,https://itsgoa.com/best-boutiques-goa,https://instagram.com/itsgoa_?hl=en,https://facebook.com/100064196162109,+91 78873 30620,mail@itsgoa.com,EXCLUDED,article_or_directory_not_business:ARTICLE,BOUTIQUE,MEDIUM,UNKNOWN,YES,NO,NO,LOW,REJECTED,FALSE,women's fashion boutique Goa; multi brand fashion store Goa; concept store Goa fashion,https://itsgoa.com/best-boutiques-goa,"The website 'itsgoa.com' is identified as a media portal, blog, and magazine publisher for Goa lifestyle, not a retail boutique.; The page lists other boutiques (Sosas, Sacha's Shop, etc.) but the entity itself ('ItsGoa') is the content provider/publisher of these recommendations.; Structured facts and text excerpts confirm 'ItsGoa' is a 'premier portal' and 'blog based website', classifying it as a directory/article source rather than a physical retail store selling goods."
IV. Hàng hiệu xách tay,,,,,,,,EXCLUDED,article_or_directory_not_business:MENTIONED_BUSINESS,UNKNOWN,UNKNOWN,UNKNOWN,UNKNOWN,UNKNOWN,UNKNOWN,LOW,LOW,FALSE,multi brand fashion store Goa,https://maisononline.vn/blogs/news/shop-ban-do-hieu-o-ha-noi?srsltid=AU7gw4Uox-rveDhgGjU_dd9oz-e4TP8P-3h0kDlJtIpFAKSzxW9Vw7DQ,official_identity_weak
Jaali Boutique,,,,,,,,EXCLUDED,article_or_directory_not_business:MENTIONED_BUSINESS,UNKNOWN,UNKNOWN,UNKNOWN,UNKNOWN,UNKNOWN,UNKNOWN,LOW,LOW,FALSE,women's fashion boutique Goa,https://bestpixeldesign.com/blogs/news/the-most-stylish-boutiques-designers-in-goa,official_identity_weak
Jaali Boutique,,,,,,,,EXCLUDED,article_or_directory_not_business:MENTIONED_BUSINESS,UNKNOWN,UNKNOWN,UNKNOWN,UNKNOWN,UNKNOWN,UNKNOWN,LOW,LOW,FALSE,women's fashion boutique Goa,https://ringbe.com/blogs/news/the-most-stylish-boutiques-designers-in-goa,official_identity_weak
Jade Jagger,,,,,,,,EXCLUDED,article_or_directory_not_business:MENTIONED_BUSINESS,UNKNOWN,UNKNOWN,UNKNOWN,UNKNOWN,UNKNOWN,UNKNOWN,LOW,LOW,FALSE,women's fashion boutique Goa,https://timesofindia.indiatimes.com/travel/goa/travel-guide/your-guide-to-goas-best-boutiques/gs34078469.cms,official_identity_weak
Janota,,,,,,,,EXCLUDED,article_or_directory_not_business:MENTIONED_BUSINESS,UNKNOWN,UNKNOWN,UNKNOWN,UNKNOWN,UNKNOWN,UNKNOWN,LOW,LOW,FALSE,women's fashion boutique Goa,https://timesofindia.indiatimes.com/travel/goa/travel-guide/your-guide-to-goas-best-boutiques/gs34078469.cms,official_identity_weak
Japan,,,https://vogue.co.jp,,,,,EXCLUDED,article_or_directory_not_business:MENTIONED_BUSINESS,UNKNOWN,UNKNOWN,UNKNOWN,UNKNOWN,UNKNOWN,UNKNOWN,MEDIUM,LOW,FALSE,multi brand fashion store Goa,https://vogue.com/article/how-to-sell-now-multi-brand; https://vogue.com/article/antwerp-belgium-guide,official_identity_weak
JD Design Awards,Bangalore,"OFFICE No 18, Edward house , Brigarde road, Bangalore - 560001 PHONE +91 - 96060 96060 EMAIL info@jddesignawards.com Name Email Message Send Copyright © 2026 JD Design Awards.",https://jddesignawards.com/futuristic-innovations-by-interior-designers-of-goa-at-jd-design-awards-2023,https://instagram.com/jddesignawards,https://facebook.com/jddesignawards,+91 - 96060 96060,info@jddesignawards.com,EXCLUDED,article_or_directory_not_business:SELF,UNKNOWN,UNKNOWN,YES,NO,NO,NO,MEDIUM,HIGH,FALSE,concept store Goa fashion,https://jddesignawards.com/futuristic-innovations-by-interior-designers-of-goa-at-jd-design-awards-2023,"The website belongs to 'JD Design Awards', an organization focused on celebrating design talent and hosting awards for disciplines like fashion, architecture, and product design.; The page is a contact/landing page for the awards body, not a retail storefront selling clothing.; The business type is an awards organization/publisher of lists, which falls under the exclusion criteria ('a blog, magazine, article, roundup, directory, or the publisher of a list').; Although it mentions 'fashion des..."
johnlobb.com,,,https://johnlobb.com/en_gb,,,,,EXCLUDED,article_or_directory_not_business:MENTIONED_BUSINESS,UNKNOWN,UNKNOWN,YES,YES,NO,NO,MEDIUM,REJECTED,FALSE,concept store Goa fashion,https://wallpaper.com/fashion-beauty/best-fashion-stores-new-york-shopping-guide,"The page is an article on Wallpaper* (a media publisher) announcing the opening of 'Essx', a new concept store. The URL provided in the JSON (johnlobb.com) refers to a different entity (John Lobb, a l"
Join Us On Facebook Close,,,,,,,,EXCLUDED,article_or_directory_not_business:MENTIONED_BUSINESS,UNKNOWN,UNKNOWN,UNKNOWN,UNKNOWN,UNKNOWN,UNKNOWN,LOW,LOW,FALSE,women's fashion boutique Goa,https://timesofindia.indiatimes.com/travel/goa/travel-guide/your-guide-to-goas-best-boutiques/gs34078469.cms,official_identity_weak
kallmeyer.nyc,,,https://kallmeyer.nyc/shop,,,,,EXCLUDED,article_or_directory_not_business:MENTIONED_BUSINESS,UNKNOWN,UNKNOWN,YES,YES,NO,NO,MEDIUM,REJECTED,FALSE,concept store Goa fashion,https://wallpaper.com/fashion-beauty/best-fashion-stores-new-york-shopping-guide,"The page is an article on Wallpaper* (a media publisher) announcing the opening of 'Essx', a new concept store. The URL provided in the JSON (kallmeyer.nyc) appears to be an external link or error, no; The text describes Essx as a 'concept and community store' by Leong Leong and Yossi Shetrit, listing it alongside other multi-brand retailers like Collina Strada, Climax, and The Row in a shopping gui; While Essx is described as a concept store (which often carries multiple labels), the webpage..."
Khoa Thiết kế và Nghệ thuật,,"Head Office 08 Nguyen Van Trang Street, Ben Thanh Ward, HCMC In 2003, the University inaugurated its Head Office at No.8 Nguyen Van Trang Street, Ben Thanh Ward, Ho Chi Minh City.",https://hoasen.edu.vn/tknt/en/learn-with-designer-le-thanh-hoa,,https://facebook.com/hoasenuni,028 7309 1991,vpbgh@hoasen.edu.vn,EXCLUDED,unrelated_or_non_retail_business,UNKNOWN,UNKNOWN,YES,NO,NO,UNKNOWN,MEDIUM,MEDIUM,FALSE,concept store Goa fashion,https://hoasen.edu.vn/tknt/en/learn-with-designer-le-thanh-hoa,"The page is a contact/admissions page for Hoa Sen University's Faculty of Design and Arts, not a retail store.; The entity is an educational institution (University) offering fashion design courses, not a retailer selling independent labels.; No evidence suggests this location functions as a multi-brand boutique or concept store carrying other designers."
Kids Apparel,,,,,,,,EXCLUDED,article_or_directory_not_business:MENTIONED_BUSINESS,UNKNOWN,UNKNOWN,UNKNOWN,UNKNOWN,UNKNOWN,UNKNOWN,LOW,LOW,FALSE,women's fashion boutique Goa; multi brand fashion store Goa,https://mychakos.com/blogs/news/where-to-shop-fashion-in-fontainhas,official_identity_weak
Konfigurasi Akses,,,,,,,,EXCLUDED,article_or_directory_not_business:MENTIONED_BUSINESS,UNKNOWN,UNKNOWN,UNKNOWN,UNKNOWN,UNKNOWN,NO,LOW,REJECTED,FALSE,women's fashion boutique Goa; multi brand fashion store Goa,https://mychakos.com/blogs/news/where-to-shop-fashion-in-fontainhas,wrong_geography
Korea,,,https://vogue.co.kr,,,,,EXCLUDED,article_or_directory_not_business:MENTIONED_BUSINESS,UNKNOWN,UNKNOWN,UNKNOWN,UNKNOWN,UNKNOWN,UNKNOWN,MEDIUM,LOW,FALSE,multi brand fashion store Goa,https://vogue.com/article/how-to-sell-now-multi-brand; https://vogue.com/article/antwerp-belgium-guide,official_identity_weak
label Zankov,,,https://zankovstudio.com,,,,,EXCLUDED,article_or_directory_not_business:MENTIONED_BUSINESS,UNKNOWN,UNKNOWN,YES,YES,NO,NO,MEDIUM,REJECTED,FALSE,concept store Goa fashion,https://wallpaper.com/fashion-beauty/best-fashion-stores-new-york-shopping-guide,"The page is an article on Wallpaper* (a media publisher) announcing the opening of 'Essx', a new concept store. The text describes Essx as a 'concept and community store' but does not provide evidence; The structured facts identify the organization as 'Wallpaper*', which is a media publisher, not the retail store 'Essx' mentioned in the text.; The search query mentions 'Goa', but the content and addresses are exclusively for New York stores (Lower East Side, Orchard Street).; While Essx is de..."
lagarconne.com,,,https://go.redirectingat.com?id=92X1650074&sref=https%3A%2F%2Fwww.wallpaper.com&url=https%3A%2F%2Flagarconne.com%2F&xcust=wallpaper_us_5144617321761466516&xs=1,,,,,EXCLUDED,article_or_directory_not_business:MENTIONED_BUSINESS,UNKNOWN,UNKNOWN,YES,YES,NO,NO,MEDIUM,REJECTED,FALSE,concept store Goa fashion,https://wallpaper.com/fashion-beauty/best-fashion-stores-new-york-shopping-guide,"The page is an article on Wallpaper* (a media publisher) about a store called 'Essx' in New York, not the business itself.; The URL redirects to 'lagarconne.com', which is a single-brand own-label designer studio, not a multi-brand retailer.; The content describes a roundup of stores and includes affiliate links, making it a directory/article rather than a stockist lead for an independent label seeking distribution.; Wallpaper* is the publisher of the list, not the retail entity carrying othe..."
Latest News,,,,,,,,EXCLUDED,article_or_directory_not_business:MENTIONED_BUSINESS,UNKNOWN,UNKNOWN,UNKNOWN,UNKNOWN,UNKNOWN,UNKNOWN,LOW,LOW,FALSE,women's fashion boutique Goa,https://bestpixeldesign.com/blogs/news/the-most-stylish-boutiques-designers-in-goa,official_identity_weak
Latest News,,,,,,,,EXCLUDED,article_or_directory_not_business:MENTIONED_BUSINESS,UNKNOWN,UNKNOWN,UNKNOWN,UNKNOWN,UNKNOWN,UNKNOWN,LOW,LOW,FALSE,women's fashion boutique Goa,https://timesofindia.indiatimes.com/travel/goa/travel-guide/your-guide-to-goas-best-boutiques/gs34078469.cms,official_identity_weak
Le Mill,,"The physical store, set in a heritage building in Colaba, is spread over 4,000 sq ft and houses brands like Loewe, MM6 Maison Margiela, Chloé, Dries Van Noten, and Jacquemus.",https://lemillindia.com?srsltid=AU7gw4Xon2YXO7EcFBTLJwQ1bTPCG2wQb-BA15i5ZJ4mQz-4s6yhrmEG,https://instagram.com/lemill,https://facebook.com/lemillindia,+91-8591907690,customercare@lemill.in,EXCLUDED,wrong_geography,MULTI_DESIGNER,MEDIUM,YES,YES,YES,NO,HIGH,REJECTED,FALSE,multi brand fashion store Goa,https://lemillindia.com?srsltid=AU7gw4Xon2YXO7EcFBTLJwQ1bTPCG2wQb-BA15i5ZJ4mQz-4s6yhrmEG,"Physical boutique presenting multiple independent fashion labels.; Multi-brand / multi-designer store, or a retailer/stockist presenting several labels."
LE THANH HOA,,,https://lethanhhoa.com,https://www.instagram.com/lethanhhoa_official/,https://www.facebook.com/lethanhhoaofficial,,,EXCLUDED,own_label_not_external_stockist,DESIGNER,MEDIUM,UNKNOWN,NO,NO,UNKNOWN,HIGH,MEDIUM,FALSE,women's fashion boutique Goa; concept store Goa fashion,https://lethanhhoa.com,"The website explicitly identifies 'LE THANH HOA' as a single brand ('The Signature Touch', 'Our master artisans'). The text describes the business as selling its own creations ('Every creation is an i"
Leave a comment Cancel reply,,,,,,,,EXCLUDED,article_or_directory_not_business:MENTIONED_BUSINESS,UNKNOWN,UNKNOWN,UNKNOWN,UNKNOWN,UNKNOWN,UNKNOWN,LOW,LOW,FALSE,concept store Goa fashion,https://goagrapevinedotcom.wordpress.com/2019/04/06/top-5-places-for-dress-shopping-in-goa,official_identity_weak
Lemon8,,"🛍️11 Garmentory 💯💯 HUGE outlet (with their spacious second floor) selling minimal, well-made menswear essentials — think clean cuts, neutral tones, everyday staples.",https://lemon8-app.com/@pierregoh_/7640470013119447560?region=sg,,,,contact@lemon8-app.com,EXCLUDED,article_or_directory_not_business:ARTICLE,BOUTIQUE,UNKNOWN,NO,YES,NO,NO,LOW,REJECTED,FALSE,multi brand fashion store Goa; concept store Goa fashion,https://lemon8-app.com/@pierregoh_/7640470013119447560?region=sg,"The page is a social media post (Lemon8) by an individual user (@pierregoh_) presenting a 'Shopping Guide' and listicle of other stores.; The content explicitly lists multiple third-party retailers (e.g., The Raw Compound, Hardy Boys, Maverick Studio) rather than selling its own inventory.; The page functions as a directory or article roundup, not as the website of a physical retail store itself.; According to rules, directories, articles, and listicle pages are not considered potential stock..."
Links,,,,,,,,EXCLUDED,article_or_directory_not_business:MENTIONED_BUSINESS,UNKNOWN,UNKNOWN,UNKNOWN,UNKNOWN,UNKNOWN,UNKNOWN,LOW,LOW,FALSE,women's fashion boutique Goa,https://bestpixeldesign.com/blogs/news/the-most-stylish-boutiques-designers-in-goa,official_identity_weak
List of Goa Shopping Centres,,,https://goaholidayhomes.com/directory/shopping-centres-in-goa.html,,,,,EXCLUDED,article_or_directory_not_business:SELF,UNKNOWN,UNKNOWN,NO,NO,NO,UNKNOWN,MEDIUM,HIGH,FALSE,multi brand fashion store Goa,https://goaholidayhomes.com/directory/shopping-centres-in-goa.html,"The page is a directory listing titled 'List of Goa Shopping Centres' hosted on a holiday homes website. It functions as an informational listicle or directory rather than the storefront of a specific; The page does not present a physical retail space for its own inventory, nor does it explicitly showcase multiple independent fashion labels on this specific landing page. It is a service/business pro"
Local Delicacies to Try While Shopping,,,,,,,,EXCLUDED,article_or_directory_not_business:MENTIONED_BUSINESS,UNKNOWN,UNKNOWN,UNKNOWN,UNKNOWN,UNKNOWN,UNKNOWN,LOW,LOW,FALSE,women's fashion boutique Goa,https://agoda.com/travel-guides/india/goa/discover-unique-boutiques-in-goas-hidden-gems,official_identity_weak
Louis Philippe,,,https://louisphilippe.abfrl.in?srsltid=AU7gw4WowU3ufQy0s4sX5LbCzLvB0RGGD5ZgGMCZlGx6LoEmYe3D5iNP,https://www.instagram.com/louisphilippeindia/,https://www.facebook.com/HouseOfLouisPhilippe/,+91-8105060501,HAPPYTOHELP@ABFRL.IN,EXCLUDED,own_label_not_external_stockist,BRAND,MEDIUM,UNKNOWN,NO,NO,UNKNOWN,HIGH,MEDIUM,FALSE,concept store Goa fashion,https://louisphilippe.abfrl.in?srsltid=AU7gw4WowU3ufQy0s4sX5LbCzLvB0RGGD5ZgGMCZlGx6LoEmYe3D5iNP,"The website is explicitly for the brand 'Louis Philippe' selling only its own mens clothing, footwear, and accessories.; The page lists sub-brands (LP Mainline, LP Sport, etc.) which are all owned by the same entity, not independent third-party labels.; There is no evidence of a multi-brand curation or physical boutique concept that carries other independent designers.; This fits the criteria for 'NO' as it is primarily a single brand/own-label designer selling only its own products."
Loëla,,,https://loela.fr/collections/goa-paris-mode-femme,https://instagram.com/loela_boutique?hl=fr,https://facebook.com/boutique.loela,,,EXCLUDED,wrong_geography,UNKNOWN,HIGH,UNKNOWN,YES,UNKNOWN,NO,MEDIUM,REJECTED,FALSE,women's fashion boutique Goa,https://loela.fr/en/collections/goa-paris-mode-femme,"The website lists multiple independent fashion labels under 'Les Marques' (Y'coo, Rue des Abbesses, La Petite Etoile, etc.), indicating a multi-brand or curated boutique model.; The site sells women's fashion clothing and accessories, fitting the profile of an independent contemporary fashion retailer capable of stocking other labels."
Luxebook India,Mumbai,"51, Doli Chambers, Arthur Bunder Road, Colaba, Mumbai – 400005.",https://luxebook.in/jade-by-monica-karishma-launches-new-concept-store-in-evoluzione-new-delhi,https://instagram.com/luxebookindia,https://facebook.com/luxebook.in,+91 22 68468500,luxebook@mediascope.co.in,EXCLUDED,article_or_directory_not_business:SELF,UNKNOWN,MEDIUM,YES,UNKNOWN,NO,UNKNOWN,MEDIUM,MEDIUM,FALSE,concept store Goa fashion,https://luxebook.in/jade-by-monica-karishma-launches-new-concept-store-in-evoluzione-new-delhi,"The website is identified as 'India's business-of-luxury magazine' covering Fashion, Food, Hospitality, etc.; The page content describes the entity as a publisher ('Team Luxebook', 'Copyright © 2026 Team Luxebook') and a media outlet featuring news about fashion weeks and brands.; The structured facts classify the schema type as 'WebSite' for a magazine/publisher, not a retail store.; According to rules, directories, articles, listicles, and publishers of lists are not considered potential st..."
Luxury Home Décor & Art Spaces,,,,,,,,EXCLUDED,article_or_directory_not_business:MENTIONED_BUSINESS,UNKNOWN,UNKNOWN,UNKNOWN,UNKNOWN,UNKNOWN,UNKNOWN,LOW,LOW,FALSE,multi brand fashion store Goa,https://thebluekite.com/blogs/luxury-shopping-in-goa,hotel_resort_boutique
LYN VN,,,https://lynvn.com?srsltid=AU7gw4U-UCeB9T7EGXnrADslx1A51J2rBMZ9tK_C5KMbxzGe11Xo6yV8,https://instagram.com/accounts/login?next=%2Flynvietnamofficial%2F,https://facebook.com/LYNVietnam,02836205555,contactus@lynvn.com,EXCLUDED,own_label_not_external_stockist,UNKNOWN,UNKNOWN,NO,NO,NO,UNKNOWN,MEDIUM,MEDIUM,FALSE,concept store Goa fashion,https://lynvn.com?srsltid=AU7gw4U-UCeB9T7EGXnrADslx1A51J2rBMZ9tK_C5KMbxzGe11Xo6yV8,"The website (lynvn.com) exclusively presents the 'LYN' own-brand collection (bags, shoes, accessories). The text explicitly lists categories like 'LYN Infinite', 'LYN MEN'S COLLECTION', and specific p"
Mainstream Boutique,,,https://mainstreamboutique.com,https://instagram.com/mainstreamboutique,https://facebook.com/mainstreamboutique,,,EXCLUDED,unrelated_or_non_retail_business,MARKETPLACE,HIGH,YES,YES,UNKNOWN,UNKNOWN,HIGH,MEDIUM,FALSE,women's fashion boutique Goa,https://mainstreamboutique.com,"Physical boutique presenting multiple independent fashion labels.; Curated mix of women's clothing, accessories, denim, gifts.; 56 locations across 17 states offering a curated selection."
Malini Ramani,,,,,,,,EXCLUDED,article_or_directory_not_business:MENTIONED_BUSINESS,UNKNOWN,UNKNOWN,UNKNOWN,UNKNOWN,UNKNOWN,UNKNOWN,LOW,LOW,FALSE,women's fashion boutique Goa,https://timesofindia.indiatimes.com/travel/goa/travel-guide/your-guide-to-goas-best-boutiques/gs34078469.cms,official_identity_weak
Malva International,,,https://malvaonline.com,https://instagram.com/malva?hl=es,https://facebook.com/Malva.co,,help@malvaonline.com,EXCLUDED,own_label_not_external_stockist,DESIGNER,UNKNOWN,NO,NO,NO,UNKNOWN,HIGH,MEDIUM,FALSE,women's fashion boutique Goa,https://malvaonline.com,"The website sells only its own brand ('GLEE') and Colombian/International brands but the structured facts classify the business type as 'DESIGNER' with 'designer_evidence'. The page is a contact page ; The search query mentions 'boutique Goa', but the website data shows no physical address in Goa and classifies the entity as a designer brand selling its own products, which disqualifies it as a poten"
Manage subscriptions,,,https://subscribe.wordpress.com,,,,,EXCLUDED,article_or_directory_not_business:MENTIONED_BUSINESS,UNKNOWN,UNKNOWN,UNKNOWN,UNKNOWN,UNKNOWN,UNKNOWN,MEDIUM,LOW,FALSE,concept store Goa fashion,https://goagrapevinedotcom.wordpress.com/2019/04/06/top-5-places-for-dress-shopping-in-goa,official_identity_weak
Mapusa Market: Local Flavors and Crafts,,,,,,,,EXCLUDED,article_or_directory_not_business:MENTIONED_BUSINESS,UNKNOWN,UNKNOWN,UNKNOWN,UNKNOWN,UNKNOWN,UNKNOWN,LOW,LOW,FALSE,women's fashion boutique Goa,https://agoda.com/travel-guides/india/goa/discover-unique-boutiques-in-goas-hidden-gems,official_identity_weak
Marks & Spencer,,,https://marksandspencer.in?srsltid=AU7gw4XhWVZfDCsAFFtWptzOpPPf82UJApJtSt9RD13zlAEBYdMv26HX,,,,,EXCLUDED,identity_demonstrably_invalid,UNKNOWN,HIGH,UNKNOWN,YES,NO,UNKNOWN,LOW,REJECTED,FALSE,women's fashion boutique Goa,https://marksandspencer.in?srsltid=AU7gw4XhWVZfDCsAFFtWptzOpPPf82UJApJtSt9RD13zlAEBYdMv26HX,"The website belongs to Marks & Spencer, a major high-street retailer.; While M&S carries its own labels and some designer collaborations, it is primarily a mass-market retailer rather than an independent contemporary fashion label stockist.; The search query mentions 'boutique', but the source URL is the main corporate site for Marks & Spencer India, not a specific independent boutique listing.; According to guidelines, multi-brand retailers are potential stockists ONLY if they fit the 'indep..."
maryamnassirzadeh.com,,,https://maryamnassirzadeh.com,,,,,EXCLUDED,article_or_directory_not_business:MENTIONED_BUSINESS,UNKNOWN,UNKNOWN,YES,YES,NO,NO,MEDIUM,REJECTED,FALSE,concept store Goa fashion,https://wallpaper.com/fashion-beauty/best-fashion-stores-new-york-shopping-guide,"The page is an article on Wallpaper* (a media publisher) announcing the opening of 'Essx', a concept store. The URL provided in the JSON (maryamnassirzadeh.com) appears to be an incorrect extraction o"
Matchbox Multi,,,https://tripadvisor.com.vn/Attraction_Review-g293916-d24001742-Reviews-Matchbox_Multi_brand_Store-Bangkok.html,,,,,EXCLUDED,identity_demonstrably_invalid,UNKNOWN,UNKNOWN,UNKNOWN,UNKNOWN,NO,UNKNOWN,MEDIUM,MEDIUM,FALSE,multi brand fashion store Goa,https://tripadvisor.com.vn/Attraction_Review-g293916-d24001742-Reviews-Matchbox_Multi_brand_Store-Bangkok.html,"The provided source URL is a TripAdvisor review page for a store in Bangkok, not the official website of the business. The 'website' field contains the TripAdvisor link itself. There is no direct evid; The search query mentions 'Goa', but the URL and page title explicitly state 'Bangkok'. This discrepancy prevents confirming if this specific entity is the relevant lead for the intended market or if ; No direct website content (text, images, product listings) from the retailer's own domain is ..."
Meela &amp; Me,Goa,,https://meelaandme.co.uk?srsltid=AU7gw4X3w2YJXlsHbD0jBS8Imd4slp2nWWIcTqWhMey2sWDCJoz5yWPf,https://instagram.com/meela_and_me,https://facebook.com/meelaandmeboutique,,,EXCLUDED,wrong_geography,BOUTIQUE,HIGH,UNKNOWN,YES,UNKNOWN,NO,HIGH,REJECTED,FALSE,women's fashion boutique Goa,https://meelaandme.co.uk?srsltid=AU7gw4X3w2YJXlsHbD0jBS8Imd4slp2nWWIcTqWhMey2sWDCJoz5yWPf,"Physical boutique explicitly described as 'Independent Womens Fashion Boutique' in page title and meta description.; Meta description lists multiple distinct brands carried including Monari, Kaffe, Goa Goa, PIECES, Toxik3, District Outerwear alongside own label items.; Product listings show a mix of 'Vendor Meela & Me' (own brand) and other vendors like 'Kaffe', confirming multi-brand retail model.; Business type identified as 'BOUTIQUE' with high women's fashion relevance."
Mermaid’s Boutique,,,,,,,,EXCLUDED,article_or_directory_not_business:MENTIONED_BUSINESS,UNKNOWN,UNKNOWN,UNKNOWN,UNKNOWN,UNKNOWN,UNKNOWN,LOW,LOW,FALSE,women's fashion boutique Goa,https://bestpixeldesign.com/blogs/news/the-most-stylish-boutiques-designers-in-goa,official_identity_weak
Mermaid’s Boutique,,,,,,,,EXCLUDED,article_or_directory_not_business:MENTIONED_BUSINESS,UNKNOWN,UNKNOWN,UNKNOWN,UNKNOWN,UNKNOWN,UNKNOWN,LOW,LOW,FALSE,women's fashion boutique Goa,https://ringbe.com/blogs/news/the-most-stylish-boutiques-designers-in-goa,official_identity_weak
MESHKI US,New York,"111 Wall Street, New York, New York, 10043, US",https://meshki.us,https://instagram.com/meshki,https://facebook.com/MeshkiBoutique,41686685450336,hello@meshki.us,EXCLUDED,wrong_geography,BOUTIQUE,HIGH,UNKNOWN,UNKNOWN,NO,NO,HIGH,REJECTED,FALSE,women's fashion boutique Goa,https://meshki.us,"The website sells 'unique exclusive designs' and lists specific proprietary product lines (e.g., 'Rundy', 'Jemima', 'Noelle') with direct 'Shop Now' calls to action, indicating an own-label designer o; The meta description emphasizes 'exclusive designs you won't find anywhere else', which is characteristic of a single-brand e-commerce site rather than a curated stockist carrying multiple independent; There is no evidence on the page of other brands being carried, only the specific Meshki coll..."
Milan Clothing Ltd,,Call Contact for any inquiry +44 7368 326253 → Email Need help?,https://milanclothing.co.uk?srsltid=AU7gw4WlCOSR7J_bvY77JA0J3F7BlAUTxwdxUI7JTzEtOEl-vXSzSj5u,https://instagram.com/milanclothinguk,https://facebook.com/share/1BteZ3TyWr?mibextid=wwXIfr,+44 7368 326253,info@milanclothing.co.uk,EXCLUDED,wrong_geography,BOUTIQUE,HIGH,YES,NO,NO,NO,HIGH,REJECTED,FALSE,women's fashion boutique Goa,https://milanclothing.co.uk?srsltid=AU7gw4WlCOSR7J_bvY77JA0J3F7BlAUTxwdxUI7JTzEtOEl-vXSzSj5u,"The website explicitly markets 'Made in Italy Wholesale Clothing for Resale' and 'Women Wholesale Collections', indicating the business functions primarily as a wholesaler or own-label designer sellin; The JSON-LD schema identifies the entity as an 'Organization' and 'LocalBusiness' but the content is dominated by wholesale/own-label product listings. According to guidelines, a manufacturer or whole"
Miss Mosa By Akanksha,,,https://missmosa.in/collections/women-goa-outfits,https://instagram.com/missmosaofficial,https://facebook.com/missmosaofficial,+91 97561 88860,,EXCLUDED,own_label_not_external_stockist,BRAND,MEDIUM,UNKNOWN,NO,NO,NO,HIGH,HIGH,FALSE,women's fashion boutique Goa,https://missmosa.in/collections/women-goa-outfits,"The website explicitly identifies the business as 'Miss Mosa By Akanksha' and describes it as a brand founded by a specific duo, indicating an own-label designer studio.; The page content focuses entirely on the brand's own collections (e.g., 'Goa Outfits', specific product names like 'Danica Coord Set') and does not list or display other independent fashion labels.; There is no evidence of a multi-brand curation, physical boutique status carrying multiple designers, or a concept store model;..."
Mister Zimi,Byron Bay,"Shop 5, 2 Marvell Street, Byron Bay, NSW, 2481, AU",https://misterzimi.com,https://www.instagram.com/misterzimi/,https://www.facebook.com/misterzimi/,+61395762645,,EXCLUDED,article_or_directory_not_business:SELF,UNKNOWN,UNKNOWN,UNKNOWN,UNKNOWN,NO,UNKNOWN,MEDIUM,MEDIUM,FALSE,women's fashion boutique Goa,https://misterzimi.com,"The website and structured data identify 'Mister Zimi' as a specific brand entity (schema_type: Brand) with a physical address in Byron Bay. The search query was for a 'boutique', but the entity itsel; The search query 'women's fashion boutique Goa' does not match the entity's location (Byron Bay, Australia), suggesting this result may be a false positive from a directory or search engine listing ra"
Monocle,,"Boon The Shop is still the market leader, but it now has competitors in the form of 10 Corso Como and Space Mue.",https://monocle.com/design/boon-the-shop-seoul-fashion,,https://facebook.com/sharer/sharer.php?u=https%3A%2F%2Fmonocle.com%2Fdesign%2Fboon-the-shop-seoul-fashion%2F,+44 (0) 20 7725 4349,,EXCLUDED,article_or_directory_not_business:SELF,UNKNOWN,HIGH,YES,NO,NO,NO,MEDIUM,REJECTED,FALSE,multi brand fashion store Goa,https://monocle.com/design/boon-the-shop-seoul-fashion,"The page is an article on Monocle.com (a media/magazine publisher) about 'Boon The Shop' in Seoul.; The content describes Boon The Shop as a multi-brand store but does not present it as the retailer itself.; The website URL and structured data identify the entity as 'Monocle', which is a magazine/publisher, not the physical boutique described in the text.; This matches the rule: 'a blog, magazine, article, roundup, directory, or the publisher of a list' are not the business itself."
More Great Living Stories From Vogue,,,,,,,,EXCLUDED,article_or_directory_not_business:MENTIONED_BUSINESS,UNKNOWN,UNKNOWN,UNKNOWN,UNKNOWN,UNKNOWN,UNKNOWN,LOW,LOW,FALSE,concept store Goa fashion,https://vogue.com/article/antwerp-belgium-guide,official_identity_weak
MOST READ MOST REVIEWED,,,,,,,,EXCLUDED,article_or_directory_not_business:MENTIONED_BUSINESS,UNKNOWN,UNKNOWN,UNKNOWN,UNKNOWN,UNKNOWN,UNKNOWN,LOW,LOW,FALSE,women's fashion boutique Goa,https://timesofindia.indiatimes.com/travel/goa/travel-guide/your-guide-to-goas-best-boutiques/gs34078469.cms,official_identity_weak
Multi,,,https://citrusclothing.in/mbo-outlets.html?srsltid=AU7gw4WEv3Jnom-9y_uwoaQ9TZOjrX3FWdIK4xsIHN749BsQPTDt8iOe&state=GOA,,,,,EXCLUDED,unrelated_or_non_retail_business,UNKNOWN,UNKNOWN,UNKNOWN,UNKNOWN,UNKNOWN,UNKNOWN,MEDIUM,MEDIUM,FALSE,multi brand fashion store Goa,https://citrusclothing.in/mbo-outlets.html?srsltid=AU7gw4WEv3Jnom-9y_uwoaQ9TZOjrX3FWdIK4xsIHN749BsQPTDt8iOe&state=GOA,"The provided text excerpt is empty.; The structured facts and headings are missing from the input data.; There is no textual evidence on the page confirming that 'Citrus Clothing' operates as a multi-brand retailer carrying independent labels versus being a single-brand outlet or manufacturer.; Without specific content indicating they stock multiple designers, the criteria for 'YES' cannot be met."
Muroor Center,,,,,,,,EXCLUDED,article_or_directory_not_business:SELF,UNKNOWN,UNKNOWN,UNKNOWN,UNKNOWN,UNKNOWN,UNKNOWN,LOW,WEAK,FALSE,multi brand fashion store Goa,https://youtube.com/watch?v=sXkpGDQy1bA,official_identity_weak
MUSE Design Awards,New York,"14 Wall Street 20th Floor, New York, NY, 10005, US",https://design.museaward.com/winners-info.php?id=3850,https://instagram.com/museaward,https://facebook.com/YH.IDesign,+1646 7818 768,info@museawards.com,EXCLUDED,wrong_geography,UNKNOWN,UNKNOWN,NO,NO,NO,NO,MEDIUM,REJECTED,FALSE,concept store Goa fashion,https://design.museaward.com/winners-info.php?id=3850,"The page is an entry for the 'MUSE Design Awards', a design competition organization based in New York.; The content describes a specific project ('Youngor 001 Fashion Concept Store') submitted to the awards, not a retail store operated by MUSE Design Awards.; The organization's address and contact info confirm it is an award body, not a fashion retailer or boutique.; There is no evidence that MUSE Design Awards operates a physical store selling multiple independent fashion labels."
MyZeil,,,https://myzeil.de/en,,,,,EXCLUDED,article_or_directory_not_business:MENTIONED_BUSINESS,UNKNOWN,UNKNOWN,UNKNOWN,UNKNOWN,NO,NO,MEDIUM,REJECTED,FALSE,multi brand fashion store Goa,https://cathaypacific.com/cx/en_MM/inspiration/shopping/best-places-shopping-frankfurt.html,"The page is a travel/lifestyle article from Cathay Pacific listing 'MyZeil' as one of several shopping destinations in Frankfurt, not the retailer's own website.; The content describes MyZeil as a shopping centre containing about 80 shops and international brands (Superdry, Foot Locker), but does not present this specific page as the official retail storefront ; Per instructions, directory, article, listicle, or roundup pages are not considered the business itself and cannot be classified as ..."
México,,,https://vogue.mx,,,,,EXCLUDED,article_or_directory_not_business:MENTIONED_BUSINESS,UNKNOWN,UNKNOWN,UNKNOWN,UNKNOWN,UNKNOWN,UNKNOWN,MEDIUM,LOW,FALSE,multi brand fashion store Goa,https://vogue.com/article/how-to-sell-now-multi-brand; https://vogue.com/article/antwerp-belgium-guide,official_identity_weak
Nederland,,,https://vogue.nl,,,,,EXCLUDED,article_or_directory_not_business:MENTIONED_BUSINESS,UNKNOWN,UNKNOWN,UNKNOWN,UNKNOWN,UNKNOWN,UNKNOWN,MEDIUM,LOW,FALSE,multi brand fashion store Goa,https://vogue.com/article/how-to-sell-now-multi-brand; https://vogue.com/article/antwerp-belgium-guide,official_identity_weak
News Details,,"Guests will enter through 375 10th Avenue, New York, NY, 10001 (cross streets 10th Ave & 31st St).",https://investors.revolve.com/news/news-details/2021/REVOLVE-Announces-Immersive-Multi-Brand-Presentation-And-Pop-Up-Shop-At-New-York-Fashion-Week/default.aspx,https://instagram.com/revolve,https://facebook.com/REVOLVE,562-282-4990,ir@revolve.com,EXCLUDED,wrong_geography,UNKNOWN,HIGH,UNKNOWN,YES,YES,NO,MEDIUM,REJECTED,FALSE,multi brand fashion store Goa,https://investors.revolve.com/news/news-details/2021/REVOLVE-Announces-Immersive-Multi-Brand-Presentation-And-Pop-Up-Shop-At-New-York-Fashion-Week/default.aspx,"The page describes REVOLVE Gallery as an 'Immersive Multi-Brand Presentation' featuring '13 specially selected designers' and 'Today's Most Influential Brands'.; It explicitly states REVOLVE is a 'curated assortment' destination for 'emerging and established designers', indicating it carries multiple independent labels.; The address provided (375 10th Avenue, New York, NY) confirms a physical retail location capable of hosting these multi-brand presentations."
Newsletter,,,,,,,,EXCLUDED,article_or_directory_not_business:MENTIONED_BUSINESS,UNKNOWN,UNKNOWN,UNKNOWN,UNKNOWN,UNKNOWN,UNKNOWN,LOW,LOW,FALSE,women's fashion boutique Goa,https://bestpixeldesign.com/blogs/news/the-most-stylish-boutiques-designers-in-goa,official_identity_weak
newyork.doverstreetmarket.com,,,https://newyork.doverstreetmarket.com,,,,,EXCLUDED,article_or_directory_not_business:MENTIONED_BUSINESS,UNKNOWN,UNKNOWN,YES,YES,NO,NO,MEDIUM,REJECTED,FALSE,concept store Goa fashion,https://wallpaper.com/fashion-beauty/best-fashion-stores-new-york-shopping-guide,"The page is an article from Wallpaper* magazine listing 'Essx' and other stores (Collina Strada, Climax, The Row) as a shopping guide.; The URL provided in the structured facts (newyork.doverstreetmarket.com) belongs to Dover Street Market, which is a multi-brand retailer, but the webpage content itself is a media publication (Wallpap; According to the rules, directory, article, and listicle pages are not the business itself. The page describes other stores rather than being the retail entity..."
No Nasties,,,,,,,,EXCLUDED,article_or_directory_not_business:MENTIONED_BUSINESS,UNKNOWN,UNKNOWN,UNKNOWN,UNKNOWN,UNKNOWN,UNKNOWN,LOW,LOW,FALSE,women's fashion boutique Goa,https://bestpixeldesign.com/blogs/news/the-most-stylish-boutiques-designers-in-goa,official_identity_weak
No Nasties,,,,,,,,EXCLUDED,article_or_directory_not_business:MENTIONED_BUSINESS,UNKNOWN,UNKNOWN,UNKNOWN,UNKNOWN,UNKNOWN,UNKNOWN,LOW,LOW,FALSE,women's fashion boutique Goa,https://ringbe.com/blogs/news/the-most-stylish-boutiques-designers-in-goa,official_identity_weak
No Nasties,,SHOP YOUR MOOD OUR FABRICS 100% organic cotton & linen OUR TREES 324489 trees planted around the world OUR FOOTPRINT -920122.47 kg co2.,https://nonasties.in,https://instagram.com/nonasties,https://facebook.com/nonasties,+919356284998,betty@nonasties.in,EXCLUDED,article_or_directory_not_business:DIRECTORY,BRAND,MEDIUM,YES,UNKNOWN,UNKNOWN,NO,HIGH,REJECTED,FALSE,women's fashion boutique Goa; multi brand fashion store Goa; concept store Goa fashion,https://lbb.in/goa/goa-check-sunshine-states-indie-boutique-scene; https://lbb.in/goa/best-stores-in-north-goa; https://nonasties.in?srsltid=AU7gw4WbSD1Hv2m7TayC-aYo6sJCXHq9SHcupQf_4Mdkq2KK-kl0jZuO; https://bestpixeldesign.com/blogs/news/the-most-stylish-boutiques-designers-in-goa; https://ringbe.com/blogs/news/the-most-stylish-boutiques-designers-in-goa; https://lbb.in/goa/fashion-brands-goa,not_self_business:DIRECTORY
No Nasties: Sustainable Fashion Choices,,,,,,,,EXCLUDED,article_or_directory_not_business:MENTIONED_BUSINESS,UNKNOWN,UNKNOWN,UNKNOWN,UNKNOWN,UNKNOWN,UNKNOWN,LOW,LOW,FALSE,women's fashion boutique Goa,https://agoda.com/travel-guides/india/goa/discover-unique-boutiques-in-goas-hidden-gems,official_identity_weak
Nomad the Label UK,,,https://nomadthelabel.co.uk,,,,,EXCLUDED,article_or_directory_not_business:MENTIONED_BUSINESS,UNKNOWN,UNKNOWN,UNKNOWN,NO,NO,NO,MEDIUM,REJECTED,FALSE,women's fashion boutique Goa,https://nomadthelabel.com.au?srsltid=AU7gw4Ww_kr03dqV2GtQNB8nDzbgcO8jtg3Pp6wqnNhoI7T09-7FLgZn,"The website (nomadthelabel.com.au) is explicitly identified as the brand's own site ('Our Story', 'Founded by Louisa Warman').; The page displays only the brand's own products (e.g., 'Goa French Linen Pants Ash', 'Rosa French Linen Skirt Ash') and lacks any indication of carrying other independent labels.; The structured data identifies the entity as a single Organization ('Nomad the Label') rather than a multi-brand retailer or boutique.; According to the rules, a single brand/own-label desi..."
Nomad the Label US,,,https://nomadthelabel.com,,,,,EXCLUDED,article_or_directory_not_business:MENTIONED_BUSINESS,UNKNOWN,UNKNOWN,UNKNOWN,NO,NO,UNKNOWN,MEDIUM,LOW,FALSE,women's fashion boutique Goa,https://nomadthelabel.com.au?srsltid=AU7gw4Ww_kr03dqV2GtQNB8nDzbgcO8jtg3Pp6wqnNhoI7T09-7FLgZn,"The website (nomadthelabel.com) is an own-label designer brand selling exclusively its own products.; Page content focuses on 'Our Story', founder Louisa Warman, and the brand's specific collections (e.g., 'Goa French Linen Pants', 'Rosa French Linen Skirt').; No evidence of a multi-brand curation, physical boutique location open to other designers, or stockist listing.; The search query mentions 'Goa', but the business address is in Erina, New South Wales, Australia; the mention of Goa appea..."
Nordstrom,,,https://nordstrom.com?srsltid=AU7gw4WRhto1zPeoa9Z7jNe4rgyr9l3ui-yR6E1_BwAAQwVoBMVKYd29,,,,,EXCLUDED,article_or_directory_not_business:UNKNOWN,UNKNOWN,HIGH,UNKNOWN,YES,NO,UNKNOWN,LOW,REJECTED,FALSE,multi brand fashion store Goa,https://nordstrom.com?srsltid=AU7gw4WRhto1zPeoa9Z7jNe4rgyr9l3ui-yR6E1_BwAAQwVoBMVKYd29,"The website is for Nordstrom, a major multi-brand fashion retailer.; Nordstrom carries numerous independent and contemporary designer labels alongside its own brands.; It operates physical boutiques in multiple locations (though specific Goa store presence requires local verification, the entity itself fits the stockist criteria)."
NOVA! Fashion &amp; Conceptstore,,,https://nova-kamen.de/products/only-goa-leinenhose-kopie?srsltid=AU7gw4WjFBKrvSshOHORUrtRWuThFO1ujfQ6xO9gyDL8yBSrhf2LIeuc,https://instagram.com/nova_loves_fashion,,02307 27 99 51,info@nova-kamen.de,EXCLUDED,wrong_geography,UNKNOWN,UNKNOWN,YES,YES,UNKNOWN,NO,MEDIUM,REJECTED,FALSE,concept store Goa fashion,https://nova-kamen.de/products/only-goa-leinenhose-kopie?srsltid=AU7gw4WjFBKrvSshOHORUrtRWuThFO1ujfQ6xO9gyDL8yBSrhf2LIeuc,"The website title and meta description explicitly identify the business as 'NOVA! Fashion & Conceptstore'. The page lists a wide variety of distinct independent brands (e.g., Outryght, Amsterdam, Elia; reasoning_summary"
Nykaa Fashion,,,https://play.google.com/store/apps/details?id=com.fsn.nds,,,,,EXCLUDED,identity_demonstrably_invalid,UNKNOWN,UNKNOWN,UNKNOWN,UNKNOWN,NO,UNKNOWN,MEDIUM,MEDIUM,FALSE,women's fashion boutique Goa; concept store Goa fashion,https://play.google.com/store/apps/details?id=com.fsn.nds,"The provided URL is a Google Play Store listing for an app, not the retailer's own website or a physical store page. The content describes a shopping application with '2850+ stylish brands', indicatin"
O.M.O,,,,,,,,EXCLUDED,article_or_directory_not_business:MENTIONED_BUSINESS,UNKNOWN,UNKNOWN,UNKNOWN,UNKNOWN,UNKNOWN,UNKNOWN,LOW,LOW,FALSE,women's fashion boutique Goa,https://bestpixeldesign.com/blogs/news/the-most-stylish-boutiques-designers-in-goa,official_identity_weak
O.M.O,,,,,,,,EXCLUDED,article_or_directory_not_business:MENTIONED_BUSINESS,UNKNOWN,UNKNOWN,UNKNOWN,UNKNOWN,UNKNOWN,UNKNOWN,LOW,LOW,FALSE,women's fashion boutique Goa,https://ringbe.com/blogs/news/the-most-stylish-boutiques-designers-in-goa,official_identity_weak
O11,,,https://cph.dk/en/shopping-dining/shops/o11,,,,,EXCLUDED,article_or_directory_not_business:SELF,UNKNOWN,UNKNOWN,UNKNOWN,UNKNOWN,UNKNOWN,UNKNOWN,MEDIUM,MEDIUM,FALSE,multi brand fashion store Goa,https://cph.dk/en/shopping-dining/shops/o11,"The provided text excerpt is empty and structured facts are missing. The source URL points to a directory listing (cph.dk) rather than the retailer's own website. Without direct evidence from O11's si; The search query mentions 'multi brand', but this is not verified by the page content provided."
OGAAN INDIA,,,https://ogaan.com?srsltid=AU7gw4W9YagfxUcARAyrGqMF5bVXN4Tdoetfgyo4fqsRVwFiWNN2vcfO,https://instagram.com/ogaanindia,https://facebook.com/ogaan,+91-8130109011,saleshelp@ogaan.com,EXCLUDED,wrong_geography,DESIGNER,HIGH,UNKNOWN,YES,NO,NO,HIGH,REJECTED,FALSE,women's fashion boutique Goa,https://ogaan.com?srsltid=AU7gw4W9YagfxUcARAyrGqMF5bVXN4Tdoetfgyo4fqsRVwFiWNN2vcfO,"The website explicitly lists and features multiple independent designer labels (e.g., Suket Dhir, Anamika Khanna, Jayanti Reddy, Preeti Kler, Nidhi Tholia, Debyani, Payal Singhal, etc.) alongside its ; Navigation links such as 'The Contemporary Edit', 'A Modern Vibe', and 'New & Unmissable' indicate a curated multi-brand retail model rather than a single-label studio site.; The presence of distinct sections for various designers confirms it functions as a multi-designer retailer capable of st..."
"One moment, please...",,,https://aseertime.com/product-similar-image?19158174041470=,,,,,EXCLUDED,identity_demonstrably_invalid,BOUTIQUE,HIGH,UNKNOWN,UNKNOWN,NO,UNKNOWN,MEDIUM,MEDIUM,FALSE,concept store Goa fashion,https://aseertime.com/product-similar-image?19158174041470=,"The page displays a loading message ('One moment, please...') and lacks visible content such as product listings, brand names, or store descriptions. The enrichment data identifies the business name a; The search query mentions 'concept store Goa', but the provided webpage evidence does not confirm the existence of a physical retail location carrying independent labels."
"One moment, please...",,,https://seasonsindia.com?srsltid=AU7gw4VpQrJuVXKpiDbHsHnxcTUS_cidQgI-BWXrBQoC6pNBrgu5kwxS,,,,,EXCLUDED,identity_demonstrably_invalid,UNKNOWN,UNKNOWN,UNKNOWN,UNKNOWN,NO,UNKNOWN,MEDIUM,MEDIUM,FALSE,women's fashion boutique Goa,https://seasonsindia.com?srsltid=AU7gw4VpQrJuVXKpiDbHsHnxcTUS_cidQgI-BWXrBQoC6pNBrgu5kwxS,"The page displays a 'One moment, please...' verification message indicating the content is not currently accessible. No evidence of physical store location, brand assortment, or retail positioning is "
Open App,,,https://femmella.appbrew.link/4bSjfNEm,,,,,EXCLUDED,article_or_directory_not_business:MENTIONED_BUSINESS,UNKNOWN,HIGH,UNKNOWN,NO,NO,UNKNOWN,MEDIUM,LOW,FALSE,women's fashion boutique Goa,https://femmella.com,"The website sells exclusively its own brand ('FEMMELLA') with product lines like 'New Arrivals', 'Bestsellers', and specific fabric edits (CottonPoplin, LinenLite). There is no evidence of a multi-bra; The page structure focuses entirely on the single brand's inventory ('Shop Stylish Dresses for Modern Women on Femmella'), lacking indicators of a curated boutique environment typical of stockist lead"
Opher,Goa,"please contact us on-: MON to SUN: 10 am to 8 pm 9545591212 Store Address-: Shop No-1,Inaam complex,Opp Don Bosco School,Below Hotel Metropolis Panaji-Goa.403001 Follow Us Â© 2026.",https://buqayarabicconcept.store,https://instagram.com,,9545591212,buqayac@gmail.com,EXCLUDED,own_label_not_external_stockist,UNKNOWN,MEDIUM,YES,NO,NO,UNKNOWN,MEDIUM,HIGH,FALSE,concept store Goa fashion,https://buqayarabicconcept.store,The website explicitly describes the business as an 'exclusive Arabic inspired life style store' selling its own brand 'Opher'. The text emphasizes 'Opher exclusive' products and features a single bra
Orchid Boutique,,,https://orchidboutique.ie/collections/goa-goa,https://instagram.com/boutique_orchid,https://facebook.com/orchidboutiquewaterford,0035351856751,walsh_noelle@yahoo.ie,EXCLUDED,wrong_geography,BOUTIQUE,MEDIUM,UNKNOWN,YES,UNKNOWN,NO,HIGH,REJECTED,FALSE,women's fashion boutique Goa,https://orchidboutique.ie/collections/goa-goa,"Physical boutique presenting multiple independent fashion labels (Caroline Kilkenny, Emme Fracomina, FRNCH, Marella, Vilagallo, etc.); Multi-brand / multi-designer store structure confirmed by the 'Brands' section listing numerous distinct labels; Fashion/lifestyle concept store with a meaningful retail component indicated by the extensive clothing categories and curated brand selection"
Outlet,,,https://outlet.nomadthelabel.com,,,,,EXCLUDED,article_or_directory_not_business:MENTIONED_BUSINESS,UNKNOWN,UNKNOWN,UNKNOWN,NO,NO,UNKNOWN,MEDIUM,LOW,FALSE,women's fashion boutique Goa,https://nomadthelabel.com.au?srsltid=AU7gw4Ww_kr03dqV2GtQNB8nDzbgcO8jtg3Pp6wqnNhoI7T09-7FLgZn,"The website (nomadthelabel.com.au) is explicitly identified as an 'Our Story' page for a single independent brand founded by Louisa Warman.; Structured facts and text excerpts confirm the business sells only its own label ('Nomad the Label') with no mention of carrying other designers or brands.; The page functions as a direct-to-consumer e-commerce site for a specific designer, not a multi-brand boutique or stockist.; According to guidelines, single-brand/own-label designer sites are classif..."
Over The Moon,,,https://overthemoon.com?srsltid=AU7gw4Ukj2WbpV6r7FEdrxDfbvfDUhUpTs3EjEZBjeCVO3u8rkaUYklM,https://instagram.com/overthemoon,https://facebook.com/shopoverthemoon,,,EXCLUDED,unrelated_or_non_retail_business,UNKNOWN,MEDIUM,UNKNOWN,UNKNOWN,NO,UNKNOWN,MEDIUM,MEDIUM,FALSE,women's fashion boutique Goa,https://overthemoon.com?srsltid=AU7gw4Ukj2WbpV6r7FEdrxDfbvfDUhUpTs3EjEZBjeCVO3u8rkaUYklM,"The website is explicitly described as an 'ultimate e-commerce platform, wedding registry, and editorial destination for brides and grooms'. The content focuses on weddings, bridal registries, and lif; reasoning_summary"
OWND!,Mumbai,"4th and 5th FLOOR, Pantaloons Office, Agastya Corporate Park, Sunder Bung Lane, LBS Road, Kurla West, Mumbai, Maharashtra, 400070, India",https://ownd.in?srsltid=AU7gw4XkpSzr6jlOqzJdKfECS40AD3WfcghrPdyLemhl4vKsa0ta0uuO,https://instagram.com/ownd.it,https://facebook.com/p/OWND-100094394273716,1800-833-9688,ownd.support@abfrl.adityabirla.com,EXCLUDED,wrong_geography,RETAILER,MEDIUM,YES,UNKNOWN,NO,NO,HIGH,REJECTED,FALSE,multi brand fashion store Goa; concept store Goa fashion,https://ownd.in?srsltid=AU7gw4XkpSzr6jlOqzJdKfECS40AD3WfcghrPdyLemhl4vKsa0ta0uuO,"OWND! is a single-brand retailer selling its own 'Gen Z Fashion' line (Men, Women, Kids) as indicated by headings like 'Affordable Gen Z Fashion Brand in India' and product listings for specific OWND ; The business operates primarily as an online-only store with no evidence of carrying multiple independent labels or acting as a curated multi-brand boutique.; Although the search query mentioned 'multi brand', the website content explicitly positions OWND! as its own fashion brand ('OWND! – One..."
P Johnson,Sydney,"Sydney, NSW, AU",https://pjt.com/pages/pj-womens?srsltid=AU7gw4XasWMuLmWS066NI2VPDOH3ABOuejlcxPMzr_ZjC6Trn9ZhlOP3,https://instagram.com/pjohnsonworld,https://facebook.com/pjohnsonworld,2021 (02) 9909 6779,enquiries@pjt.com,EXCLUDED,wrong_geography,DESIGNER,HIGH,YES,NO,NO,NO,HIGH,REJECTED,FALSE,women's fashion boutique Goa,https://pjt.com/pages/pj-womens?srsltid=AU7gw4XasWMuLmWS066NI2VPDOH3ABOuejlcxPMzr_ZjC6Trn9ZhlOP3,"The website explicitly identifies the business as a 'DESIGNER' selling its own collections ('EXPLORE THE COLLECTION', 'VIEW OUR LOOKBOOKS'). The text lists specific locations for their own showrooms (; The structured facts confirm the business type is 'DESIGNER' and the page title refers to 'P Johnson Showrooms', indicating they are the primary retailer of their own goods. There is no evidence of a "
Pamela Scott,,,https://pamelascott.com,https://instagram.com/pamelascott_fashion,https://facebook.com/pamelascottirl,090) 648 7007,,EXCLUDED,wrong_geography,RETAILER,HIGH,UNKNOWN,NO,NO,NO,HIGH,REJECTED,FALSE,multi brand fashion store Goa,https://pamelascott.com,"The website (pamelascott.com) is the official site for the 'Pamela Scott' brand, identified as an Organization selling its own scarves, jewelry, and accessories.; The page title 'Store Locator | Pamela Scott' lists locations for this specific brand's retail stores.; There is no evidence on the page that these physical stores carry multiple independent labels or other brands; they appear to be single-brand boutiques for Pamela Scott.; According to the rules, a single-brand/own-label designer s..."
Panaji,,,,,,,,EXCLUDED,article_or_directory_not_business:MENTIONED_BUSINESS,UNKNOWN,UNKNOWN,UNKNOWN,UNKNOWN,UNKNOWN,UNKNOWN,LOW,LOW,FALSE,multi brand fashion store Goa,https://thebluekite.com/blogs/luxury-shopping-in-goa,hotel_resort_boutique
Paper Boat Collective,,,,,,,,EXCLUDED,article_or_directory_not_business:MENTIONED_BUSINESS,UNKNOWN,UNKNOWN,UNKNOWN,UNKNOWN,UNKNOWN,UNKNOWN,LOW,LOW,FALSE,women's fashion boutique Goa,https://timesofindia.indiatimes.com/travel/goa/travel-guide/your-guide-to-goas-best-boutiques/gs34078469.cms,official_identity_weak
Paper Boat Collective: Handcrafted Wonders,,,,,,,,EXCLUDED,article_or_directory_not_business:MENTIONED_BUSINESS,UNKNOWN,UNKNOWN,UNKNOWN,UNKNOWN,UNKNOWN,UNKNOWN,LOW,LOW,FALSE,women's fashion boutique Goa,https://agoda.com/travel-guides/india/goa/discover-unique-boutiques-in-goas-hidden-gems,official_identity_weak
Paperworks,,,,,,,,EXCLUDED,article_or_directory_not_business:MENTIONED_BUSINESS,UNKNOWN,UNKNOWN,UNKNOWN,UNKNOWN,UNKNOWN,UNKNOWN,LOW,LOW,FALSE,women's fashion boutique Goa,https://bestpixeldesign.com/blogs/news/the-most-stylish-boutiques-designers-in-goa,official_identity_weak
Paperworks,,,,,,,,EXCLUDED,article_or_directory_not_business:MENTIONED_BUSINESS,UNKNOWN,UNKNOWN,UNKNOWN,UNKNOWN,UNKNOWN,UNKNOWN,LOW,LOW,FALSE,women's fashion boutique Goa,https://ringbe.com/blogs/news/the-most-stylish-boutiques-designers-in-goa,official_identity_weak
Partnership opportunities (open in a new window),,,https://cathaypacific.formstack.com/forms/partnership_enquiry_en,,,,,EXCLUDED,article_or_directory_not_business:MENTIONED_BUSINESS,UNKNOWN,UNKNOWN,NO,NO,NO,NO,MEDIUM,REJECTED,FALSE,multi brand fashion store Goa,https://cathaypacific.com/cx/en_MM/inspiration/shopping/best-places-shopping-frankfurt.html,"The page is a travel article/listicle titled 'The best places to go shopping in Frankfurt' published by Cathay Pacific.; It functions as a directory or roundup of other retailers (MyZeil, Fifty Eight, etc.) rather than being the retailer itself.; Cathay Pacific is an airline; this specific URL is a content page for travel inspiration, not a fashion retail storefront.; The page does not present multiple independent fashion labels under its own brand identity."
People Tree,,,,,,,,EXCLUDED,article_or_directory_not_business:MENTIONED_BUSINESS,UNKNOWN,UNKNOWN,UNKNOWN,UNKNOWN,UNKNOWN,UNKNOWN,LOW,LOW,FALSE,women's fashion boutique Goa,https://bestpixeldesign.com/blogs/news/the-most-stylish-boutiques-designers-in-goa,official_identity_weak
People Tree,,,,,,,,EXCLUDED,article_or_directory_not_business:MENTIONED_BUSINESS,UNKNOWN,UNKNOWN,UNKNOWN,UNKNOWN,UNKNOWN,UNKNOWN,LOW,LOW,FALSE,women's fashion boutique Goa,https://ringbe.com/blogs/news/the-most-stylish-boutiques-designers-in-goa,official_identity_weak
personal styling experience,,,https://airbnb.co.in/experiences/3476634,,,,,EXCLUDED,article_or_directory_not_business:DIRECTORY,UNKNOWN,UNKNOWN,UNKNOWN,UNKNOWN,UNKNOWN,NO,MEDIUM,REJECTED,FALSE,concept store Goa fashion,https://lbb.in/all/yellow-house-parra,not_self_business:DIRECTORY
Philippines,,,https://vogue.ph,,,,,EXCLUDED,article_or_directory_not_business:MENTIONED_BUSINESS,UNKNOWN,UNKNOWN,UNKNOWN,UNKNOWN,UNKNOWN,UNKNOWN,MEDIUM,LOW,FALSE,multi brand fashion store Goa,https://vogue.com/article/how-to-sell-now-multi-brand; https://vogue.com/article/antwerp-belgium-guide,official_identity_weak
Phần mềm quản lý Cửa hàng,,,https://posapp.vn/ten-shop-quan-ao-hay,,https://facebook.com/posapp.vn,1900 3016 1900 301,support@posapp.vn,EXCLUDED,identity_demonstrably_invalid,BOUTIQUE,UNKNOWN,NO,NO,NO,UNKNOWN,HIGH,MEDIUM,FALSE,women's fashion boutique Goa,https://posapp.vn/ten-shop-quan-ao-hay,"The website is for 'PosApp', a POS (Point of Sale) software provider for retail businesses like wine showrooms and boutiques, not a fashion retailer itself.; The page content discusses naming conventions for clothing shops and managing inventory for liquor stores, indicating it is an informational article or service landing page rather than a store selling; There is no evidence that this entity sells women's fashion or carries independent designer labels; it provides software solutions to ret..."
Plan Your Stay Around the Experience,,,,,,,,EXCLUDED,article_or_directory_not_business:MENTIONED_BUSINESS,UNKNOWN,UNKNOWN,UNKNOWN,UNKNOWN,UNKNOWN,UNKNOWN,LOW,LOW,FALSE,multi brand fashion store Goa,https://thebluekite.com/blogs/luxury-shopping-in-goa,hotel_resort_boutique
Planning Your Shopping Days,,,,,,,,EXCLUDED,article_or_directory_not_business:MENTIONED_BUSINESS,UNKNOWN,UNKNOWN,UNKNOWN,UNKNOWN,UNKNOWN,UNKNOWN,LOW,LOW,FALSE,multi brand fashion store Goa,https://thebluekite.com/blogs/luxury-shopping-in-goa,hotel_resort_boutique
Polska,,,https://vogue.pl,,,,,EXCLUDED,article_or_directory_not_business:MENTIONED_BUSINESS,UNKNOWN,UNKNOWN,UNKNOWN,UNKNOWN,UNKNOWN,UNKNOWN,MEDIUM,LOW,FALSE,multi brand fashion store Goa,https://vogue.com/article/how-to-sell-now-multi-brand; https://vogue.com/article/antwerp-belgium-guide,official_identity_weak
Portugal,,,https://vogue.pt,,,,,EXCLUDED,article_or_directory_not_business:MENTIONED_BUSINESS,UNKNOWN,UNKNOWN,UNKNOWN,UNKNOWN,UNKNOWN,UNKNOWN,MEDIUM,LOW,FALSE,multi brand fashion store Goa,https://vogue.com/article/how-to-sell-now-multi-brand; https://vogue.com/article/antwerp-belgium-guide,official_identity_weak
Poshmark,,,https://poshmark.com/brand/GOA-Women-Dresses,https://instagram.com/poshmark,https://facebook.com/poshmark,,,EXCLUDED,unrelated_or_non_retail_business,MARKETPLACE,MEDIUM,UNKNOWN,YES,NO,NO,HIGH,HIGH,FALSE,women's fashion boutique Goa,https://poshmark.com/brand/GOA-Women-Dresses,"Poshmark is identified as a 'fashion resale marketplace' where users sell items from their own closets, not a curated retailer carrying other independent labels.; The page describes a platform for buying and selling pre-owned/new items from individual sellers ('trusted sellers'), rather than a physical boutique or multi-brand store stocking specific designer li; According to the rules, marketplaces that are not individual retail stores (where the business itself acts as the primary seller of ..."
Powered by Quintype,,,https://quintype.com,,,,,EXCLUDED,article_or_directory_not_business:MENTIONED_BUSINESS,UNKNOWN,UNKNOWN,UNKNOWN,UNKNOWN,UNKNOWN,UNKNOWN,MEDIUM,LOW,FALSE,women's fashion boutique Goa,https://gomantaktimes.com/my-goa/shopping-in-goa/modish-boutique-a-fashion-haven-for-women-in-goa; https://gomantaktimes.com/lifestyle/these-lifestyle-stores-in-goa-will-take-your-style-to-the-next-level; https://gomantaktimes.com/my-goa/shopping-in-goa/a-design-driven-boutique-offering-the-perfect-escape-in-goa; https://gomantaktimes.com/my-goa/shopping-in-goa/top-5-popular-shopping-outlets-in-goa; https://gomantaktimes.com/my-goa/shopping-in-goa/four-iconic-concept-stores-to-visit-in-goa,official_identity_weak
Powered by Shopify,,,https://shopify.com,,,,,EXCLUDED,article_or_directory_not_business:MENTIONED_BUSINESS,UNKNOWN,UNKNOWN,YES,YES,NO,NO,MEDIUM,REJECTED,FALSE,concept store Goa fashion,https://topfloorgallery.com?srsltid=AU7gw4UWu9cuPEPbjuuHpkSc5yEx0Xcknp14u8HMuY8QVr0CE-lI2I5p,"Physical boutique located at Level 1.360 Lonsdale St, Melbourne.; Name 'Top Floor Gallery' and context of a fashion concept store imply multi-brand curation.; Contact page structure (shipping/returns/terms) indicates a direct-to-consumer retail operation rather than a marketplace or directory.; Search query 'concept store Goa fashion' suggests the user is looking for independent retailers; Top Floor Gallery fits the profile of a curated independent-designer store capable of carrying other la"
Prathaa,Mumbai,,https://prathaa.in?srsltid=AU7gw4VdGqWyO9FwhmAeM-AC3cMkLJGk_Kfn7wasHkHgM5tP-ZmPdqe6,https://instagram.com/prathaa.in,https://facebook.com/prathaa.in,22-02-2024 15,hello@prathaa.in,EXCLUDED,own_label_not_external_stockist,BRAND,HIGH,UNKNOWN,NO,NO,UNKNOWN,HIGH,MEDIUM,FALSE,women's fashion boutique Goa,https://prathaa.in?srsltid=AU7gw4VdGqWyO9FwhmAeM-AC3cMkLJGk_Kfn7wasHkHgM5tP-ZmPdqe6,The website explicitly positions 'Prathaa' as the 'Best Conscious Fashion Brand in India' and features a single own-label brand ('Prathaa-weaving traditions'). The navigation menu lists only Prathaa's
Preethi Prabhu,,,https://preethiprabhu.com/8-boutique-home-stores-in-goa-you-must-visit,,,,,EXCLUDED,article_or_directory_not_business:UNKNOWN,BOUTIQUE,UNKNOWN,UNKNOWN,UNKNOWN,NO,UNKNOWN,LOW,REJECTED,FALSE,women's fashion boutique Goa; concept store Goa fashion,https://preethiprabhu.com/8-boutique-home-stores-in-goa-you-must-visit,The page is a listicle titled '8 Boutique Home Stores in Goa you must visit' published by Preethi Prabhu. It lists other stores but does not present the publisher itself as a retailer carrying multipl; The source URL and title indicate this is a directory/article rather than the website of a specific physical boutique that could stock external labels.; No evidence on this page confirms that 'Preethi Prabhu' operates a multi-brand store or carries other independent designers; it appears to be ...
Protect the Dolls’ T,,,https://connerives.com/products/protect-the-dolls-t-shirt,,,,,EXCLUDED,article_or_directory_not_business:MENTIONED_BUSINESS,UNKNOWN,UNKNOWN,YES,YES,NO,NO,MEDIUM,REJECTED,FALSE,concept store Goa fashion,https://wallpaper.com/fashion-beauty/best-fashion-stores-new-york-shopping-guide,"The page is an article on Wallpaper* (a media publisher) announcing the opening of 'Essx', a new concept store. The text describes Essx as a 'concept and community store' by local architecture firm Le"
Published by Goa Grapevine,,,,,,,,EXCLUDED,article_or_directory_not_business:MENTIONED_BUSINESS,UNKNOWN,UNKNOWN,UNKNOWN,UNKNOWN,UNKNOWN,UNKNOWN,LOW,LOW,FALSE,concept store Goa fashion,https://goagrapevinedotcom.wordpress.com/2019/04/06/top-5-places-for-dress-shopping-in-goa,official_identity_weak
Quora,,,https://quora.com/I-am-trying-to-set-up-an-online-luxury-multi-brand-fashion-store-How-do-I-partner-with-designers-where-I-can-sell-their-products-without-actually-buying-their-products-from-them-first,,,,,EXCLUDED,identity_demonstrably_invalid,MULTI_DESIGNER,UNKNOWN,UNKNOWN,UNKNOWN,NO,UNKNOWN,LOW,REJECTED,FALSE,multi brand fashion store Goa,https://quora.com/I-am-trying-to-set-up-an-online-luxury-multi-brand-fashion-store-How-do-I-partner-with-designers-where-I-can-sell-their-products-without-actually-buying-their-products-from-them-first,"The source URL is a Quora question page discussing how to set up a store, not the website of an actual retail business.; The content is a Q&A discussion about business models (consignment vs. wholesale) rather than a catalog or storefront for independent labels.; Quora is a question-and-answer platform, not a fashion retailer or stockist."
Rajvansh,,,https://rajvanshaligarh.com/fashion-trends-in-top-apparel-multibrand-stores,https://instagram.com/rajvanshaligarh,https://facebook.com/rajvanshaligarh,+91-70173 18701,,EXCLUDED,article_or_directory_not_business:ARTICLE,MULTI_DESIGNER,HIGH,UNKNOWN,UNKNOWN,NO,NO,LOW,REJECTED,FALSE,multi brand fashion store Goa,https://rajvanshaligarh.com/fashion-trends-in-top-apparel-multibrand-stores,"The page is an article titled 'Retail shopping is influenced by top apparel multibrand store trends' published on rajvanshaligarh.com.; The content discusses general retail trends and the concept of multibrand stores rather than showcasing specific products or brands sold at a physical location.; The text describes Rajvansh as offering 'types for men, women, and children' in the context of a 'readymade garment' business, but the page functions as a blog post or directory entry about industry ..."
Rangeela,,,,,,,,EXCLUDED,article_or_directory_not_business:MENTIONED_BUSINESS,UNKNOWN,UNKNOWN,UNKNOWN,UNKNOWN,UNKNOWN,UNKNOWN,LOW,LOW,FALSE,women's fashion boutique Goa,https://bestpixeldesign.com/blogs/news/the-most-stylish-boutiques-designers-in-goa,official_identity_weak
Rangeela,,,,,,,,EXCLUDED,article_or_directory_not_business:MENTIONED_BUSINESS,UNKNOWN,UNKNOWN,UNKNOWN,UNKNOWN,UNKNOWN,UNKNOWN,LOW,LOW,FALSE,women's fashion boutique Goa,https://ringbe.com/blogs/news/the-most-stylish-boutiques-designers-in-goa,official_identity_weak
Recent Articles,,,,,,,,EXCLUDED,article_or_directory_not_business:MENTIONED_BUSINESS,UNKNOWN,UNKNOWN,UNKNOWN,UNKNOWN,UNKNOWN,UNKNOWN,LOW,LOW,FALSE,women's fashion boutique Goa,https://bestpixeldesign.com/blogs/news/the-most-stylish-boutiques-designers-in-goa,official_identity_weak
Redesign a Multi,,,https://allmultidisciplinaryjournal.com/uploads/archives/20250704181041_MGE-2025-4-022.1.pdf,,,,,EXCLUDED,identity_demonstrably_invalid,MULTI_DESIGNER,UNKNOWN,UNKNOWN,UNKNOWN,NO,UNKNOWN,MEDIUM,MEDIUM,FALSE,multi brand fashion store Goa,https://allmultidisciplinaryjournal.com/uploads/archives/20250704181041_MGE-2025-4-022.1.pdf,"The source URL is a PDF file hosted on an academic journal domain (allmultidisciplinaryjournal.com), not a retail website.; The page title indicates the content is about 'Redesigning' a store, suggesting it is an article or case study rather than the store's own site.; No physical address, contact details, or product listings for a specific retailer are present in the provided data.; According to guidelines, articles, directories, and listicles are not considered potential stockist leads."
Related Stories,,,,,,,,EXCLUDED,article_or_directory_not_business:MENTIONED_BUSINESS,UNKNOWN,UNKNOWN,UNKNOWN,UNKNOWN,UNKNOWN,UNKNOWN,LOW,LOW,FALSE,women's fashion boutique Goa,https://gomantaktimes.com/lifestyle/these-lifestyle-stores-in-goa-will-take-your-style-to-the-next-level,official_identity_weak
Related Stories,,,,,,,,EXCLUDED,article_or_directory_not_business:MENTIONED_BUSINESS,UNKNOWN,UNKNOWN,UNKNOWN,UNKNOWN,UNKNOWN,UNKNOWN,LOW,LOW,FALSE,women's fashion boutique Goa,https://gomantaktimes.com/my-goa/shopping-in-goa/a-design-driven-boutique-offering-the-perfect-escape-in-goa,official_identity_weak
Related Stories,,,,,,,,EXCLUDED,article_or_directory_not_business:MENTIONED_BUSINESS,UNKNOWN,UNKNOWN,UNKNOWN,UNKNOWN,UNKNOWN,UNKNOWN,LOW,LOW,FALSE,concept store Goa fashion,https://gomantaktimes.com/my-goa/shopping-in-goa/four-iconic-concept-stores-to-visit-in-goa,official_identity_weak
Related Stories,,,,,,,,EXCLUDED,article_or_directory_not_business:MENTIONED_BUSINESS,UNKNOWN,UNKNOWN,UNKNOWN,UNKNOWN,UNKNOWN,UNKNOWN,LOW,LOW,FALSE,women's fashion boutique Goa,https://gomantaktimes.com/my-goa/shopping-in-goa/modish-boutique-a-fashion-haven-for-women-in-goa,official_identity_weak
Related Stories,,,,,,,,EXCLUDED,article_or_directory_not_business:MENTIONED_BUSINESS,UNKNOWN,UNKNOWN,UNKNOWN,UNKNOWN,UNKNOWN,UNKNOWN,LOW,LOW,FALSE,multi brand fashion store Goa,https://gomantaktimes.com/my-goa/shopping-in-goa/top-5-popular-shopping-outlets-in-goa,official_identity_weak
Routine U SPACE Sư Vạn Hạnh,,,https://corner.inc/place/pvYNhWJ5TAgJ,,,,,EXCLUDED,identity_demonstrably_invalid,UNKNOWN,UNKNOWN,UNKNOWN,UNKNOWN,NO,UNKNOWN,MEDIUM,MEDIUM,FALSE,multi brand fashion store Goa,https://corner.inc/place/pvYNhWJ5TAgJ,"The page title 'Routine U SPACE' suggests a co-working space or event venue rather than a fashion retail store. The search query mentions 'Goa', but the specific entity name and lack of fashion-relate; No evidence found of multiple independent labels, physical boutique status in a fashion context, or stockist capabilities for an independent contemporary fashion label."
Saam TV,,,https://saamtv.esakal.com,,,,,EXCLUDED,article_or_directory_not_business:MENTIONED_BUSINESS,UNKNOWN,UNKNOWN,UNKNOWN,UNKNOWN,UNKNOWN,UNKNOWN,MEDIUM,LOW,FALSE,women's fashion boutique Goa,https://gomantaktimes.com/my-goa/shopping-in-goa/modish-boutique-a-fashion-haven-for-women-in-goa; https://gomantaktimes.com/lifestyle/these-lifestyle-stores-in-goa-will-take-your-style-to-the-next-level; https://gomantaktimes.com/my-goa/shopping-in-goa/a-design-driven-boutique-offering-the-perfect-escape-in-goa; https://gomantaktimes.com/my-goa/shopping-in-goa/top-5-popular-shopping-outlets-in-goa; https://gomantaktimes.com/my-goa/shopping-in-goa/four-iconic-concept-stores-to-visit-in-goa,official_identity_weak
Sacha’s Shop,,,,,,,,EXCLUDED,article_or_directory_not_business:MENTIONED_BUSINESS,UNKNOWN,UNKNOWN,UNKNOWN,UNKNOWN,UNKNOWN,UNKNOWN,LOW,LOW,FALSE,women's fashion boutique Goa,https://timesofindia.indiatimes.com/travel/goa/travel-guide/your-guide-to-goas-best-boutiques/gs34078469.cms,official_identity_weak
Saigoneer,,,https://saigoneer.com/saigon-events/19692-n%E1%BB%99i-g%C3%B2n-fashion-pop-up-store-concept-in-hcmc-ka-koncept-store,https://instagram.com/saigoneer.en,https://facebook.com/saigoneer,,info@saigoneer.com,EXCLUDED,article_or_directory_not_business:SELF,UNKNOWN,UNKNOWN,NO,NO,NO,UNKNOWN,MEDIUM,MEDIUM,FALSE,concept store Goa fashion,https://saigoneer.com/saigon-events/19692-n%E1%BB%99i-g%C3%B2n-fashion-pop-up-store-concept-in-hcmc-ka-koncept-store,"The page is an editorial article on Saigoneer.com reporting on a pop-up event at 'Ka Koncept store' in HCMC.; Saigoneer is identified as the publisher (Organization) of this news story, not the retailer itself.; The content describes an event coverage ('Event Coverage', 'Partner Editorial') rather than a product catalog or retail storefront.; According to guidelines, directory, article, and listicle pages are not the business itself and should be classified as NO."
Sarkarnama,,,https://sarkarnama.esakal.com,,,,,EXCLUDED,article_or_directory_not_business:MENTIONED_BUSINESS,UNKNOWN,UNKNOWN,UNKNOWN,UNKNOWN,UNKNOWN,UNKNOWN,MEDIUM,LOW,FALSE,women's fashion boutique Goa,https://gomantaktimes.com/my-goa/shopping-in-goa/modish-boutique-a-fashion-haven-for-women-in-goa; https://gomantaktimes.com/lifestyle/these-lifestyle-stores-in-goa-will-take-your-style-to-the-next-level; https://gomantaktimes.com/my-goa/shopping-in-goa/a-design-driven-boutique-offering-the-perfect-escape-in-goa; https://gomantaktimes.com/my-goa/shopping-in-goa/top-5-popular-shopping-outlets-in-goa; https://gomantaktimes.com/my-goa/shopping-in-goa/four-iconic-concept-stores-to-visit-in-goa,official_identity_weak
Seasonality Matters,,,,,,,,EXCLUDED,article_or_directory_not_business:MENTIONED_BUSINESS,UNKNOWN,UNKNOWN,UNKNOWN,UNKNOWN,UNKNOWN,UNKNOWN,LOW,LOW,FALSE,multi brand fashion store Goa,https://thebluekite.com/blogs/luxury-shopping-in-goa,hotel_resort_boutique
Sepia stories,Goa,,https://sepiastories.in/stores-for-clothing,https://instagram.com/sepia.stories?hl=en,,,,EXCLUDED,own_label_not_external_stockist,DESIGNER,HIGH,UNKNOWN,NO,NO,NO,HIGH,HIGH,FALSE,women's fashion boutique Goa; concept store Goa fashion,https://sepiastories.in/stores-for-clothing; https://lbb.in/goa/fashion-brands-goa,"The website explicitly positions 'Sepia Stories' as a 'Designer Clothing Store' selling its own handcrafted, sustainable, and organic collections (own-label). The text describes the business as offeri"
Share this:,,,,,,,,EXCLUDED,article_or_directory_not_business:MENTIONED_BUSINESS,UNKNOWN,UNKNOWN,UNKNOWN,UNKNOWN,UNKNOWN,UNKNOWN,LOW,LOW,FALSE,concept store Goa fashion,https://goagrapevinedotcom.wordpress.com/2019/04/06/top-5-places-for-dress-shopping-in-goa,official_identity_weak
Share with friends,,,,,,,,EXCLUDED,article_or_directory_not_business:MENTIONED_BUSINESS,UNKNOWN,UNKNOWN,UNKNOWN,UNKNOWN,UNKNOWN,UNKNOWN,LOW,LOW,FALSE,women's fashion boutique Goa,https://timesofindia.indiatimes.com/travel/goa/travel-guide/your-guide-to-goas-best-boutiques/gs34078469.cms,official_identity_weak
Share your Goa Trip Experience,,,,,,,,EXCLUDED,article_or_directory_not_business:MENTIONED_BUSINESS,UNKNOWN,UNKNOWN,UNKNOWN,UNKNOWN,UNKNOWN,UNKNOWN,LOW,LOW,FALSE,women's fashion boutique Goa,https://timesofindia.indiatimes.com/travel/goa/travel-guide/your-guide-to-goas-best-boutiques/gs34078469.cms,official_identity_weak
she told the Financial Times,,,https://ft.com/content/94b17d45-0a07-41e0-9597-57ca8918b8bd?syn-25a6b1a6=1,,,,,EXCLUDED,article_or_directory_not_business:MENTIONED_BUSINESS,UNKNOWN,UNKNOWN,YES,YES,NO,NO,MEDIUM,REJECTED,FALSE,concept store Goa fashion,https://wallpaper.com/fashion-beauty/best-fashion-stores-new-york-shopping-guide,"The page is an article on Wallpaper* (a media publisher) announcing the opening of a new store called 'Essx'.; The content describes Essx as a 'concept and community store' but the webpage itself is a news report/roundup hosted by Wallpaper*, not the retailer's own site.; According to guidelines, directory, article, listicle, or publisher pages are not considered the business itself.; Therefore, despite the mention of a physical store (Essx) that might carry multiple brands, this specific URL..."
Shima Kurta,,,https://yellowhouseparra.in/products/shima-shirt,,,,,EXCLUDED,article_or_directory_not_business:DIRECTORY,UNKNOWN,UNKNOWN,UNKNOWN,UNKNOWN,UNKNOWN,NO,MEDIUM,REJECTED,FALSE,concept store Goa fashion,https://lbb.in/all/yellow-house-parra,not_self_business:DIRECTORY
Shop Designs,,,,,,,,EXCLUDED,article_or_directory_not_business:MENTIONED_BUSINESS,UNKNOWN,UNKNOWN,UNKNOWN,UNKNOWN,UNKNOWN,UNKNOWN,LOW,LOW,FALSE,women's fashion boutique Goa; multi brand fashion store Goa,https://mychakos.com/blogs/news/where-to-shop-fashion-in-fontainhas,official_identity_weak
SHOP HER WEBSITE,,,https://studiotia.co,,,,,EXCLUDED,article_or_directory_not_business:MENTIONED_BUSINESS,UNKNOWN,UNKNOWN,UNKNOWN,UNKNOWN,UNKNOWN,UNKNOWN,MEDIUM,LOW,FALSE,women's fashion boutique Goa,https://bestpixeldesign.com/blogs/news/the-most-stylish-boutiques-designers-in-goa; https://ringbe.com/blogs/news/the-most-stylish-boutiques-designers-in-goa,official_identity_weak
SHOP THE SITE,,,https://atomicno29.com,,,,,EXCLUDED,article_or_directory_not_business:MENTIONED_BUSINESS,UNKNOWN,UNKNOWN,UNKNOWN,UNKNOWN,UNKNOWN,UNKNOWN,MEDIUM,LOW,FALSE,women's fashion boutique Goa,https://bestpixeldesign.com/blogs/news/the-most-stylish-boutiques-designers-in-goa; https://ringbe.com/blogs/news/the-most-stylish-boutiques-designers-in-goa,official_identity_weak
SHOP THE SITE,,,https://buntigoa.com,,,,,EXCLUDED,article_or_directory_not_business:MENTIONED_BUSINESS,UNKNOWN,UNKNOWN,UNKNOWN,UNKNOWN,UNKNOWN,UNKNOWN,MEDIUM,LOW,FALSE,women's fashion boutique Goa,https://bestpixeldesign.com/blogs/news/the-most-stylish-boutiques-designers-in-goa; https://ringbe.com/blogs/news/the-most-stylish-boutiques-designers-in-goa,official_identity_weak
SHOP THE SITE,,,https://saffronwiehl.com,,,,,EXCLUDED,article_or_directory_not_business:MENTIONED_BUSINESS,UNKNOWN,UNKNOWN,UNKNOWN,UNKNOWN,UNKNOWN,UNKNOWN,MEDIUM,LOW,FALSE,women's fashion boutique Goa,https://bestpixeldesign.com/blogs/news/the-most-stylish-boutiques-designers-in-goa; https://ringbe.com/blogs/news/the-most-stylish-boutiques-designers-in-goa,official_identity_weak
SHOP THE SITE,,,https://vanandelandpeace.com,,,,,EXCLUDED,article_or_directory_not_business:MENTIONED_BUSINESS,UNKNOWN,UNKNOWN,UNKNOWN,UNKNOWN,UNKNOWN,UNKNOWN,MEDIUM,LOW,FALSE,women's fashion boutique Goa,https://bestpixeldesign.com/blogs/news/the-most-stylish-boutiques-designers-in-goa; https://ringbe.com/blogs/news/the-most-stylish-boutiques-designers-in-goa,official_identity_weak
Shopping Hours and Accessibility,,,,,,,,EXCLUDED,article_or_directory_not_business:MENTIONED_BUSINESS,UNKNOWN,UNKNOWN,UNKNOWN,UNKNOWN,UNKNOWN,UNKNOWN,LOW,LOW,FALSE,women's fashion boutique Goa,https://agoda.com/travel-guides/india/goa/discover-unique-boutiques-in-goas-hidden-gems,official_identity_weak
Siesta o'Clock,Porvorim,"Villa 5, Vista de Paix, Ambirna, Next to Brown Koji Boy, Near Green Essentials, Socorro, Porvorim, Goa, 403501, IN",https://siestaoclock.com?srsltid=AU7gw4UM3oIl2QPDRwr_zXtrp7EuubXkKYR458HSHAPwUJk-FQvv_XhA,https://instagram.com/siestaoclock,,+91-8527610220,hello@siestaoclock.com,EXCLUDED,own_label_not_external_stockist,UNKNOWN,MEDIUM,YES,NO,NO,NO,MEDIUM,HIGH,FALSE,women's fashion boutique Goa; concept store Goa fashion,https://siestaoclock.com?srsltid=AU7gw4UM3oIl2QPDRwr_zXtrp7EuubXkKYR458HSHAPwUJk-FQvv_XhA,"The website and structured data identify 'Siesta o'Clock' as a single-brand entity selling its own handcrafted, artist-designed printed shirts and dresses ('Wearable Art', 'Prints by Artists').; The business explicitly markets itself as 'MADE IN GOA' with small-batch production of its specific collection.; There is no evidence on the page that Siesta o'Clock carries other independent labels or functions as a multi-brand boutique; it appears to be an own-label designer studio/retailer.; Per in..."
Simplotel,Goa,,https://simplotel.com,,,,,EXCLUDED,article_or_directory_not_business:MENTIONED_BUSINESS,UNKNOWN,UNKNOWN,UNKNOWN,YES,NO,UNKNOWN,MEDIUM,LOW,FALSE,women's fashion boutique Goa; multi brand fashion store Goa,https://heritagevillageresorts.com/heritage-village-resort-spa-goa/boutique-store/boutique-dor.html,"Physical boutique store named 'Boutique D'Or' located in South Goa.; The page explicitly lists multiple independent designer labels carried in the store: Mario Miranda, Alexandra Faye, Philu Martins, Shah Emporium, Janota Shoes, and Maka Naka Plastic Bags.; The business operates as a multi-brand retailer within a resort setting, fitting the criteria for a curated independent-designer or multi-brand stockist."
Singapore,,,https://vogue.sg,,,,,EXCLUDED,article_or_directory_not_business:MENTIONED_BUSINESS,UNKNOWN,UNKNOWN,UNKNOWN,UNKNOWN,UNKNOWN,NO,MEDIUM,REJECTED,FALSE,multi brand fashion store Goa,https://vogue.com/article/how-to-sell-now-multi-brand; https://vogue.com/article/antwerp-belgium-guide,wrong_geography
Sinn,,,https://sinn.de/en/watches/all-watches,,,,,EXCLUDED,article_or_directory_not_business:MENTIONED_BUSINESS,UNKNOWN,UNKNOWN,NO,NO,NO,NO,MEDIUM,REJECTED,FALSE,multi brand fashion store Goa,https://cathaypacific.com/cx/en_MM/inspiration/shopping/best-places-shopping-frankfurt.html,"The page is a travel/lifestyle article titled 'The best places to go shopping in Frankfurt' published by Cathay Pacific.; The content is a roundup/listicle recommending various retail locations (MyZeil, Fifty Eight, etc.) rather than describing the business itself as a retailer.; The specific entity extracted ('Sinn') is identified via an anchor text link to a watch brand website (sinn.de), not a fashion stockist.; The page does not present evidence of a physical boutique or multi-brand store..."
Site Blocked,,,,,,,,EXCLUDED,article_or_directory_not_business:MENTIONED_BUSINESS,UNKNOWN,UNKNOWN,UNKNOWN,UNKNOWN,UNKNOWN,UNKNOWN,LOW,LOW,FALSE,concept store Goa fashion,https://grazia.co.in/fashion/craftsmanship-and-community-converge-at-shop-lunes-new-goa-shop-gallery-11369.html,official_identity_weak
Soch,Frazer Town,"#14, Bachammal Rd, Frazer Town, Bengaluru, 560005, IN",https://soch.com/intl,https://instagram.com/sochstories,https://facebook.com/soch,+91-74068 00003,support@soch.com,EXCLUDED,wrong_geography,DESIGNER,MEDIUM,NO,NO,NO,NO,HIGH,REJECTED,FALSE,women's fashion boutique Goa,https://soch.com/intl,"The website explicitly describes Soch as a 'distinguished fashion label' and an 'exquisite array' of its own products (Sarees, Salwar Suits, etc.). The structured facts classify the business type as '; reasoning_for_decision"
Sosa’s,,,,,,,,EXCLUDED,article_or_directory_not_business:MENTIONED_BUSINESS,UNKNOWN,UNKNOWN,UNKNOWN,UNKNOWN,UNKNOWN,UNKNOWN,LOW,LOW,FALSE,women's fashion boutique Goa,https://timesofindia.indiatimes.com/travel/goa/travel-guide/your-guide-to-goas-best-boutiques/gs34078469.cms,official_identity_weak
"Spotlight on: Francis Belin, CEO, Mytheresa*",,,,,,,,EXCLUDED,article_or_directory_not_business:MENTIONED_BUSINESS,UNKNOWN,UNKNOWN,UNKNOWN,UNKNOWN,UNKNOWN,UNKNOWN,LOW,LOW,FALSE,multi brand fashion store Goa,https://vogue.com/article/how-to-sell-now-multi-brand,official_identity_weak
SSENSE,Montréal,"333 Chabanel O, Montréal, Québec, H2N2G1, Canada",https://ssense.com/en-vn,https://www.instagram.com/ssense,https://www.facebook.com/SSENSEofficial,+1 877 637 6002,customercare@ssense.com,EXCLUDED,wrong_geography,DESIGNER,HIGH,UNKNOWN,YES,UNKNOWN,NO,HIGH,REJECTED,FALSE,multi brand fashion store Goa,https://ssense.com,"SSENSE is a well-known multi-brand retailer specializing in luxury fashion and independent designers.; The site explicitly lists 'Luxury fashion & independent designers' and features brands like ALAÏA, sacai, and A.P.C.; It functions as a curated online boutique presenting several labels, fitting the criteria for a potential stockist lead."
Studio Arpora,,,,,,,,EXCLUDED,article_or_directory_not_business:MENTIONED_BUSINESS,UNKNOWN,UNKNOWN,UNKNOWN,UNKNOWN,UNKNOWN,UNKNOWN,LOW,LOW,FALSE,women's fashion boutique Goa,https://bestpixeldesign.com/blogs/news/the-most-stylish-boutiques-designers-in-goa,official_identity_weak
Studio Arpora,,,,,,,,EXCLUDED,article_or_directory_not_business:MENTIONED_BUSINESS,UNKNOWN,UNKNOWN,UNKNOWN,UNKNOWN,UNKNOWN,UNKNOWN,LOW,LOW,FALSE,women's fashion boutique Goa,https://ringbe.com/blogs/news/the-most-stylish-boutiques-designers-in-goa,official_identity_weak
Style Boutique,,,https://styleboutique.ca/collections/goa,https://instagram.com/styleboutique_on,https://facebook.com/StyleBoutiqueON,705)292-8191,info@styleboutique.ca,EXCLUDED,wrong_geography,BOUTIQUE,UNKNOWN,UNKNOWN,UNKNOWN,UNKNOWN,NO,HIGH,REJECTED,FALSE,women's fashion boutique Goa,https://styleboutique.ca/collections/goa,"The page identifies 'Style Boutique' as a business with an 'About' section describing services like wardrobe consulting and sewing/alterations. However, the text does not explicitly state that they st; reasoning_summary"
Style Republik,,,https://stylerepublik.vn/khi-multi-brand-lap-chieu-doi-do-tu-quy-mo-sang-ban-sac,https://instagram.com/stylerepublik.official,https://facebook.com/StyleRepublik.Official,0949216278,info@style-republik.com,EXCLUDED,wrong_geography,BOUTIQUE,UNKNOWN,UNKNOWN,UNKNOWN,NO,NO,HIGH,REJECTED,FALSE,multi brand fashion store Goa; concept store Goa fashion,https://stylerepublik.vn/khi-multi-brand-lap-chieu-doi-do-tu-quy-mo-sang-ban-sac,"The page is a 'Contact' page for Style Republik, which the structured facts identify as a 'BOUTIQUE'. However, the text content and headings (e.g., 'THE LOCAL', 'NEWS & REVIEW', 'FASHION WEEK') indica"
supreme.com,,,https://us.supreme.com,,,,,EXCLUDED,article_or_directory_not_business:MENTIONED_BUSINESS,UNKNOWN,UNKNOWN,YES,YES,NO,NO,MEDIUM,REJECTED,FALSE,concept store Goa fashion,https://wallpaper.com/fashion-beauty/best-fashion-stores-new-york-shopping-guide,"The page is an article on Wallpaper* (a media publisher) announcing the opening of 'Essx', a new concept store. The URL provided in the JSON (us.supreme.com) refers to the Supreme brand website, not t"
Sustainability and Conservation Focus: Eco,,,,,,,,EXCLUDED,article_or_directory_not_business:MENTIONED_BUSINESS,UNKNOWN,UNKNOWN,UNKNOWN,UNKNOWN,UNKNOWN,UNKNOWN,LOW,LOW,FALSE,women's fashion boutique Goa,https://agoda.com/travel-guides/india/goa/discover-unique-boutiques-in-goas-hidden-gems,official_identity_weak
Taiwan,,,https://vogue.com.tw,,,,,EXCLUDED,article_or_directory_not_business:MENTIONED_BUSINESS,UNKNOWN,UNKNOWN,UNKNOWN,UNKNOWN,UNKNOWN,UNKNOWN,MEDIUM,LOW,FALSE,multi brand fashion store Goa,https://vogue.com/article/how-to-sell-now-multi-brand; https://vogue.com/article/antwerp-belgium-guide,official_identity_weak
Tea Lily,,,https://tealily.com.au/collections/dress?srsltid=AU7gw4WrILqNoXKGms89PgNrXwjyyfaZ9K4JvKyDMI20m4pwojXVbjza,https://instagram.com/tealilyboutique,https://facebook.com/tealilyboutique,,,EXCLUDED,wrong_geography,BOUTIQUE,HIGH,UNKNOWN,YES,YES,NO,HIGH,REJECTED,FALSE,women's fashion boutique Goa,https://tealily.com.au/collections/dress?srsltid=AU7gw4WrILqNoXKGms89PgNrXwjyyfaZ9K4JvKyDMI20m4pwojXVbjza,"Physical boutique presenting multiple independent fashion labels.; Website explicitly lists a wide range of distinct brands including Naudic, Rubyyaya, Lula Soul, Eb & Ive, Isle of Mine, Jaase, Zoe Kratzmann, Binny, Adorne, Imagine Fashion Linen & Silk, Trelise Coope; Categorized sections for 'SHOP BY BRAND A-I' and 'SHOP BY BRAND J-Z' confirm multi-brand retail model."
Terms of Service,,,,,,,,EXCLUDED,article_or_directory_not_business:MENTIONED_BUSINESS,UNKNOWN,UNKNOWN,UNKNOWN,UNKNOWN,UNKNOWN,UNKNOWN,LOW,LOW,FALSE,women's fashion boutique Goa,https://bestpixeldesign.com/blogs/news/the-most-stylish-boutiques-designers-in-goa,official_identity_weak
Testimoni Pemain JAWARA79,,,,,,,,EXCLUDED,article_or_directory_not_business:MENTIONED_BUSINESS,UNKNOWN,UNKNOWN,UNKNOWN,UNKNOWN,UNKNOWN,UNKNOWN,LOW,LOW,FALSE,women's fashion boutique Goa; multi brand fashion store Goa,https://mychakos.com/blogs/news/where-to-shop-fashion-in-fontainhas,official_identity_weak
Thailand,,,https://vogue.co.th,,,,,EXCLUDED,article_or_directory_not_business:MENTIONED_BUSINESS,UNKNOWN,UNKNOWN,UNKNOWN,UNKNOWN,UNKNOWN,UNKNOWN,MEDIUM,LOW,FALSE,multi brand fashion store Goa,https://vogue.com/article/how-to-sell-now-multi-brand; https://vogue.com/article/antwerp-belgium-guide,official_identity_weak
The Best of Joan Smalls,,,,,,,,EXCLUDED,article_or_directory_not_business:MENTIONED_BUSINESS,UNKNOWN,UNKNOWN,UNKNOWN,UNKNOWN,UNKNOWN,UNKNOWN,LOW,LOW,FALSE,concept store Goa fashion,https://wmagazine.com/story/joan-smalls-model-travel-india-shopping,official_identity_weak
The Bridge Chronicle,,,https://thebridgechronicle.com,,,,,EXCLUDED,article_or_directory_not_business:MENTIONED_BUSINESS,UNKNOWN,UNKNOWN,UNKNOWN,UNKNOWN,UNKNOWN,UNKNOWN,MEDIUM,LOW,FALSE,women's fashion boutique Goa,https://gomantaktimes.com/my-goa/shopping-in-goa/modish-boutique-a-fashion-haven-for-women-in-goa; https://gomantaktimes.com/lifestyle/these-lifestyle-stores-in-goa-will-take-your-style-to-the-next-level; https://gomantaktimes.com/my-goa/shopping-in-goa/a-design-driven-boutique-offering-the-perfect-escape-in-goa; https://gomantaktimes.com/my-goa/shopping-in-goa/top-5-popular-shopping-outlets-in-goa; https://gomantaktimes.com/my-goa/shopping-in-goa/four-iconic-concept-stores-to-visit-in-goa,official_identity_weak
The Collective,,,https://thecollective.in,,,1800-833-4488,,EXCLUDED,wrong_geography,DESIGNER,HIGH,UNKNOWN,YES,UNKNOWN,NO,HIGH,REJECTED,FALSE,multi brand fashion store Goa,https://thecollective.in,"Physical boutique presenting multiple independent fashion labels.; Website lists numerous premium and designer brands including Self Portrait, Harmont & Blaine, Ksubi, Vivienne Westwood, Marc Jacobs, CP Company, Hackett London, Ted Baker, etc.; Multi-brand / multi-designer store positioning confirmed by extensive brand listing."
The Goan,GOA,,https://thegoan.net/goa-news/max-fashion-store-inaugurated-at-porvorim/25774.html,https://instagram.com/thegoanonline,https://facebook.com/TheGoan,,,EXCLUDED,article_or_directory_not_business:SELF,RETAILER,UNKNOWN,YES,UNKNOWN,NO,YES,HIGH,HIGH,FALSE,concept store Goa fashion,https://thegoan.net/goa-news/max-fashion-store-inaugurated-at-porvorim/25774.html,"The webpage is a news article from 'The Goan' (a media outlet) announcing the inauguration of a 'Max Fashion' store. The business entity identified by the page's metadata and content is 'The Goan', wh; According to the rules, directory, article, and listicle pages are not the business itself.; The text excerpt describes news events (fraud, jail admission) rather than retail inventory or store curation.; While 'Max Fashion' is mentioned as a brand being inaugurated, the page does not provide e..."
The Jones Report,,,https://angharadjones.substack.com/p/multi-brand-retailer-index,,,,,EXCLUDED,article_or_directory_not_business:SELF,BOUTIQUE,HIGH,NO,YES,NO,NO,MEDIUM,REJECTED,FALSE,multi brand fashion store Goa,https://angharadjones.substack.com/p/multi-brand-retailer-index,"The page is a Substack article titled '76 Multi-Brand Retailers Worth Knowing' which lists other retailers.; The structured facts identify the entity as 'The Jones Report', an organization publishing this list, not the retailer itself.; The text explicitly states 'Welcome to the multi-brand retailer index' and discusses 'all the multi-brand retailers where I quite often unearth these brands'.; This is a directory/listicle page (blog/article) rather than the website of a physical fashion bouti..."
The Korea Times,,,https://koreatimes.co.kr/lifestyle/trends/20141021/fashion-multi-brands-store-how-to-communicate-with-consumers,,,,,EXCLUDED,article_or_directory_not_business:MEDIA,UNKNOWN,UNKNOWN,NO,YES,NO,NO,LOW,REJECTED,FALSE,multi brand fashion store Goa,https://koreatimes.co.kr/20141021/fashion-multi-brands-store-how-to-communicate-with-consumers,"The page is an article published by 'The Korea Times' discussing multi-brand stores as a concept.; The text mentions 'L'eclaireur' as an example of a multi-shop in Paris, but the page itself is a news report, not the retailer's website.; The URL and metadata confirm this is a media publication (The Korea Times), not a physical boutique or stockist listing."
The new rules of multi,,,,,,,,EXCLUDED,article_or_directory_not_business:MENTIONED_BUSINESS,UNKNOWN,UNKNOWN,UNKNOWN,UNKNOWN,UNKNOWN,UNKNOWN,LOW,LOW,FALSE,multi brand fashion store Goa,https://vogue.com/article/how-to-sell-now-multi-brand,official_identity_weak
The Nod Magazine,,,https://thenodmag.com/content/ritu-beri-escape-new-boutique-goa,https://instagram.com/thenodmag,https://facebook.com/profile.php?id=61558574499270,,writeforthenod@ril.com,EXCLUDED,article_or_directory_not_business:MEDIA,BOUTIQUE,LOW,UNKNOWN,UNKNOWN,NO,NO,LOW,REJECTED,FALSE,women's fashion boutique Goa; multi brand fashion store Goa; concept store Goa fashion,https://thenodmag.com/content/ritu-beri-escape-new-boutique-goa,"The page is a contact/editorial pitch page for 'The Nod Magazine', identified as a media organization via JSON-LD schema.; The text explicitly invites editorial pitches, advertising inquiries, and job applications, indicating the entity is a publisher/media outlet rather than a retail boutique.; Although the search query mentions a 'boutique' in Goa, the specific webpage content describes the magazine's operations (Mumbai HQ) and does not provide evidence that this specific URL represents a p..."
The opportunity in online luxury fashion,,,https://mckinsey.com/capabilities/growth-marketing-and-sales/our-insights/the-opportunity-in-online-luxury-fashion,,,,,EXCLUDED,identity_demonstrably_invalid,UNKNOWN,UNKNOWN,NO,NO,NO,UNKNOWN,MEDIUM,MEDIUM,FALSE,multi brand fashion store Goa,https://mckinsey.com/capabilities/growth-marketing-and-sales/our-insights/the-opportunity-in-online-luxury-fashion,"The source URL is a McKinsey & Company article titled 'The opportunity in online luxury fashion'. The page title and content describe market insights rather than functioning as a retail storefront. It; McKinsey is a management consulting firm; this specific page is an industry report/article, not a retailer's website.; The search query 'multi brand fashion store Goa' appears to be the user's intent behind the search, but the resulting webpage (McKinsey article) does not match that description..."
The Shop India,,,https://theshopindia.com?srsltid=AU7gw4X6HinFzt_X9ApimxHrUombnvl5wSJodNk_x92BLlRyuX8Bup-a,https://instagram.com/theshop1969,https://facebook.com/p/The-Shop-India-100071345126696,+91-9717575099 10,info@theshopindia.com,EXCLUDED,wrong_geography,UNKNOWN,LOW,UNKNOWN,YES,UNKNOWN,NO,MEDIUM,REJECTED,FALSE,women's fashion boutique Goa; concept store Goa fashion,https://theshopindia.com?srsltid=AU7gw4X6HinFzt_X9ApimxHrUombnvl5wSJodNk_x92BLlRyuX8Bup-a,"The website explicitly markets itself as a destination for 'sustainable fashion' and 'thoughtfully crafted clothing', implying a curated selection rather than a single own-label brand.; The presence of a store locator page ('/pages/store-locator') and multiple physical city mentions (Delhi, Mumbai, Goa) suggests a brick-and-mortar retail network typical of multi-brand boutiques.; The business model described as selling 'clothing & lifestyle products' with an emphasis on ethics aligns with the..."
The Style List,,,https://thestylelist.in/post/ritu-beri-on-her-new-experiential-space-escape-in-goa,https://instagram.com/thestylelist.in,https://facebook.com/thestylelist.in,,tslpitches@gmail.com,EXCLUDED,article_or_directory_not_business:SELF,MULTI_DESIGNER,UNKNOWN,UNKNOWN,UNKNOWN,NO,NO,HIGH,HIGH,FALSE,concept store Goa fashion,https://thestylelist.in/post/ritu-beri-on-her-new-experiential-space-escape-in-goa,"The website is identified as a 'niche media house' and 'digital magazine' focused on fashion news, luxury updates, and editorial content.; The text describes the entity as a publisher of lists and curated content ('one-stop shop for all the latest luxe updates'), not a physical retail boutique selling goods.; Although the page mentions 'Ritu Beri's ESCAPE is the Place to Be in Goa' under a heading 'Part Café, Part Concept Store', this refers to a third-party subject (Ritu Beri) discussed in a..."
The Voice of Fashion,Mumbai,"Headquarters RISE Worldwide, 19th Floor, B wing, Bandra Kurla Complex, Bandra East, Mumbai - 400051.",https://thevoiceoffashion.com/centrestage/features/how-goa-surged-in-fashion-retail--5504,https://instagram.com/thevofashion,https://facebook.com/thevofashion,,thevofashion@gmail.com,EXCLUDED,unrelated_or_non_retail_business,DESIGNER,UNKNOWN,YES,YES,NO,UNKNOWN,HIGH,MEDIUM,FALSE,multi brand fashion store Goa; concept store Goa fashion,https://thevoiceoffashion.com/centrestage/features/how-goa-surged-in-fashion-retail--5504,"The page is a 'Contact Us' form for 'The Voice of Fashion', identified as an 'Online Fashion Magazine & Website'. The structured facts and text explicitly describe the entity as a media publication ('"
therow.com,,,https://click.linksynergy.com/deeplink?id=kXQk6%2AivFEQ&mid=50493&murl=https%3A%2F%2Fwww.therow.com%2Fus&u1=wallpaper-us-7939096169627720869,,,,,EXCLUDED,article_or_directory_not_business:MENTIONED_BUSINESS,UNKNOWN,UNKNOWN,YES,YES,NO,NO,MEDIUM,REJECTED,FALSE,concept store Goa fashion,https://wallpaper.com/fashion-beauty/best-fashion-stores-new-york-shopping-guide,"The page is an article on Wallpaper* (a media publisher) about a store called 'Essx' opening in New York.; The URL redirects to 'therow.com', which is the official website of The Row, a single-brand luxury label.; The content describes 'Essx' as a concept store by Leong Leong and Yossi Shetrit, but the page itself is a news roundup/article hosted by Wallpaper*, not the retailer's own site.; According to the rules, directory, article, listicle, or publisher pages are not the business itself an..."
This Is Porto Cervo,,,https://thisisportocervo.com/shopping/sea-%26-snow,https://instagram.com/thisisportocervo,,+39 078 992 440,info@seaandsnow.it,EXCLUDED,wrong_geography,MULTI_DESIGNER,MEDIUM,UNKNOWN,YES,YES,NO,HIGH,REJECTED,FALSE,multi brand fashion store Goa,https://thisisportocervo.com/shopping/sea-&-snow,"Physical boutique explicitly described as an 'Italian multi-brand clothing store' in Porto Cervo.; Website lists a hand-selected collection of multiple Italian brands (e.g., Altea, Gran Sasso, Riviera Cashmere) alongside private labels.; Positioned as a curated retail destination for both men and women with a focus on quality and style selection."
Thiều Hoa,"Phường Cô Giang, Quận 1","254 Cô Bắc, Phường Cô Giang, Quận 1, Thành Phố Hồ Chí Minh, 700000, Việt Nam",https://thieuhoa.com.vn?srsltid=AU7gw4U3hFxCRg6ESlPVRm-Dqm54aKDkluJWze09o8q5iCdODTdDV5Tt,https://www.instagram.com/thieuhoavn/,https://facebook.com/thieuhoavn,0316099570 - 09,thoitrangthieuhoa@gmail.com,EXCLUDED,own_label_not_external_stockist,UNKNOWN,UNKNOWN,YES,NO,NO,UNKNOWN,MEDIUM,MEDIUM,FALSE,women's fashion boutique Goa,https://thieuhoa.com.vn?srsltid=AU7gw4U3hFxCRg6ESlPVRm-Dqm54aKDkluJWze09o8q5iCdODTdDV5Tt,"The website exclusively promotes the 'Thiều Hoa' own-label brand (specifically targeting middle-aged women).; Product listings and categories are strictly for the brand's own designs (dresses, shirts, pants, bags).; There is no evidence of a multi-brand curation or carrying other independent labels.; It functions as a single-brand retailer/studio rather than a boutique presenting multiple designers."
TIA,,,,,,,,EXCLUDED,article_or_directory_not_business:MENTIONED_BUSINESS,UNKNOWN,UNKNOWN,UNKNOWN,UNKNOWN,UNKNOWN,UNKNOWN,LOW,LOW,FALSE,women's fashion boutique Goa,https://bestpixeldesign.com/blogs/news/the-most-stylish-boutiques-designers-in-goa,official_identity_weak
TIA,,,,,,,,EXCLUDED,article_or_directory_not_business:MENTIONED_BUSINESS,UNKNOWN,UNKNOWN,UNKNOWN,UNKNOWN,UNKNOWN,UNKNOWN,LOW,LOW,FALSE,women's fashion boutique Goa,https://ringbe.com/blogs/news/the-most-stylish-boutiques-designers-in-goa,official_identity_weak
TIN TỨC,,,,,,,,EXCLUDED,article_or_directory_not_business:MENTIONED_BUSINESS,UNKNOWN,UNKNOWN,UNKNOWN,UNKNOWN,UNKNOWN,UNKNOWN,LOW,LOW,FALSE,multi brand fashion store Goa,https://maisononline.vn/blogs/news/shop-ban-do-hieu-o-ha-noi?srsltid=AU7gw4Uox-rveDhgGjU_dd9oz-e4TP8P-3h0kDlJtIpFAKSzxW9Vw7DQ,official_identity_weak
TIN TỨC,,,,,,,,EXCLUDED,article_or_directory_not_business:MENTIONED_BUSINESS,UNKNOWN,UNKNOWN,UNKNOWN,UNKNOWN,UNKNOWN,UNKNOWN,LOW,LOW,FALSE,multi brand fashion store Goa,https://maisononline.vn/blogs/news/shop-ban-do-hieu-o-tphcm?srsltid=AU7gw4UF8NHdgx0uWZDxd2aMPRekB4QYADTcn1rVwopo1d4OXjvtPGn0,official_identity_weak
Tips for Shopping Designers in Goa,,,,,,,,EXCLUDED,article_or_directory_not_business:MENTIONED_BUSINESS,UNKNOWN,UNKNOWN,UNKNOWN,UNKNOWN,UNKNOWN,UNKNOWN,LOW,LOW,FALSE,women's fashion boutique Goa,https://bestpixeldesign.com/blogs/news/the-most-stylish-boutiques-designers-in-goa,official_identity_weak
Tips for Shopping Designers in Goa,,,,,,,,EXCLUDED,article_or_directory_not_business:MENTIONED_BUSINESS,UNKNOWN,UNKNOWN,UNKNOWN,UNKNOWN,UNKNOWN,UNKNOWN,LOW,LOW,FALSE,women's fashion boutique Goa,https://ringbe.com/blogs/news/the-most-stylish-boutiques-designers-in-goa,official_identity_weak
Track Order,,,https://femmella.clickpost.ai,,,,,EXCLUDED,article_or_directory_not_business:MENTIONED_BUSINESS,UNKNOWN,HIGH,UNKNOWN,NO,NO,UNKNOWN,MEDIUM,LOW,FALSE,women's fashion boutique Goa,https://femmella.com,"The website sells exclusively its own brand ('FEMMELLA') with product lines like 'New Arrivals', 'Bestsellers', and specific fabric edits (CottonPoplin, LinenLite). There is no evidence of a multi-bra; The meta description emphasizes 'Stylish, affordable fashion for modern women' and features the brand's own collections, indicating it is primarily a direct-to-consumer brand site rather than a stocki"
Transportation Tips for Boutique Hopping,,,,,,,,EXCLUDED,article_or_directory_not_business:MENTIONED_BUSINESS,UNKNOWN,UNKNOWN,UNKNOWN,UNKNOWN,UNKNOWN,UNKNOWN,LOW,LOW,FALSE,women's fashion boutique Goa,https://agoda.com/travel-guides/india/goa/discover-unique-boutiques-in-goas-hidden-gems,official_identity_weak
Trending,,,,,,,,EXCLUDED,article_or_directory_not_business:MENTIONED_BUSINESS,UNKNOWN,UNKNOWN,UNKNOWN,UNKNOWN,UNKNOWN,UNKNOWN,LOW,LOW,FALSE,concept store Goa fashion,https://grazia.co.in/fashion/craftsmanship-and-community-converge-at-shop-lunes-new-goa-shop-gallery-11369.html,official_identity_weak
Turntable,Goa,,https://turntable.in,,,,,EXCLUDED,article_or_directory_not_business:MENTIONED_BUSINESS,UNKNOWN,UNKNOWN,YES,YES,NO,UNKNOWN,MEDIUM,LOW,FALSE,women's fashion boutique Goa; multi brand fashion store Goa; concept store Goa fashion,https://makeithappen.co.in/shopping-places-in-goa,"The page lists 'Museum of Goa (MOG) Store' and other locations like 'COCO LENI' and 'Leão Ethical Wear' under a section titled 'Best places to Shop in Goa'.; The description for MOG explicitly states it is a store selling 'Art, Artifacts and Ceramics', 'bags', 'postcards', and 'jewellery', indicating a multi-category retail environment.; The presence of multiple distinct brand names (COCO LENI, Leão Ethical Wear) in the same list suggests this is a directory or listing for independent boutiqu..."
Tìm kiếm cửa hàng,,,,,,,,EXCLUDED,article_or_directory_not_business:MENTIONED_BUSINESS,UNKNOWN,UNKNOWN,UNKNOWN,UNKNOWN,UNKNOWN,UNKNOWN,LOW,LOW,FALSE,multi brand fashion store Goa,https://maisononline.vn/blogs/news/shop-ban-do-hieu-o-ha-noi?srsltid=AU7gw4Uox-rveDhgGjU_dd9oz-e4TP8P-3h0kDlJtIpFAKSzxW9Vw7DQ,official_identity_weak
Tìm kiếm cửa hàng,,,,,,,,EXCLUDED,article_or_directory_not_business:MENTIONED_BUSINESS,UNKNOWN,UNKNOWN,UNKNOWN,UNKNOWN,UNKNOWN,UNKNOWN,LOW,LOW,FALSE,multi brand fashion store Goa,https://maisononline.vn/blogs/news/shop-ban-do-hieu-o-tphcm?srsltid=AU7gw4UF8NHdgx0uWZDxd2aMPRekB4QYADTcn1rVwopo1d4OXjvtPGn0,official_identity_weak
Tìm kiếm gần đây,,,,,,,,EXCLUDED,article_or_directory_not_business:MENTIONED_BUSINESS,UNKNOWN,UNKNOWN,UNKNOWN,UNKNOWN,UNKNOWN,UNKNOWN,LOW,LOW,FALSE,multi brand fashion store Goa,https://maisononline.vn/blogs/news/shop-ban-do-hieu-o-ha-noi?srsltid=AU7gw4Uox-rveDhgGjU_dd9oz-e4TP8P-3h0kDlJtIpFAKSzxW9Vw7DQ,official_identity_weak
Tìm kiếm gần đây,,,,,,,,EXCLUDED,article_or_directory_not_business:MENTIONED_BUSINESS,UNKNOWN,UNKNOWN,UNKNOWN,UNKNOWN,UNKNOWN,UNKNOWN,LOW,LOW,FALSE,multi brand fashion store Goa,https://maisononline.vn/blogs/news/shop-ban-do-hieu-o-tphcm?srsltid=AU7gw4UF8NHdgx0uWZDxd2aMPRekB4QYADTcn1rVwopo1d4OXjvtPGn0,official_identity_weak
Türkiye,,,https://vogue.com.tr,,,,,EXCLUDED,article_or_directory_not_business:MENTIONED_BUSINESS,UNKNOWN,UNKNOWN,UNKNOWN,UNKNOWN,UNKNOWN,UNKNOWN,MEDIUM,LOW,FALSE,multi brand fashion store Goa,https://vogue.com/article/how-to-sell-now-multi-brand; https://vogue.com/article/antwerp-belgium-guide,official_identity_weak
Từ khoá gợi ý,,,,,,,,EXCLUDED,article_or_directory_not_business:MENTIONED_BUSINESS,UNKNOWN,UNKNOWN,UNKNOWN,UNKNOWN,UNKNOWN,UNKNOWN,LOW,LOW,FALSE,multi brand fashion store Goa,https://maisononline.vn/blogs/news/shop-ban-do-hieu-o-ha-noi?srsltid=AU7gw4Uox-rveDhgGjU_dd9oz-e4TP8P-3h0kDlJtIpFAKSzxW9Vw7DQ,official_identity_weak
Từ khoá gợi ý,,,,,,,,EXCLUDED,article_or_directory_not_business:MENTIONED_BUSINESS,UNKNOWN,UNKNOWN,UNKNOWN,UNKNOWN,UNKNOWN,UNKNOWN,LOW,LOW,FALSE,multi brand fashion store Goa,https://maisononline.vn/blogs/news/shop-ban-do-hieu-o-tphcm?srsltid=AU7gw4UF8NHdgx0uWZDxd2aMPRekB4QYADTcn1rVwopo1d4OXjvtPGn0,official_identity_weak
Ukraine,,,https://vogue.ua,,,,,EXCLUDED,article_or_directory_not_business:MENTIONED_BUSINESS,UNKNOWN,UNKNOWN,UNKNOWN,UNKNOWN,UNKNOWN,UNKNOWN,MEDIUM,LOW,FALSE,multi brand fashion store Goa,https://vogue.com/article/how-to-sell-now-multi-brand; https://vogue.com/article/antwerp-belgium-guide,official_identity_weak
V. Kết luận,,,,,,,,EXCLUDED,article_or_directory_not_business:MENTIONED_BUSINESS,UNKNOWN,UNKNOWN,UNKNOWN,UNKNOWN,UNKNOWN,UNKNOWN,LOW,LOW,FALSE,multi brand fashion store Goa,https://maisononline.vn/blogs/news/shop-ban-do-hieu-o-tphcm?srsltid=AU7gw4UF8NHdgx0uWZDxd2aMPRekB4QYADTcn1rVwopo1d4OXjvtPGn0,official_identity_weak
Van Andel & Peace,,,,,,,,EXCLUDED,article_or_directory_not_business:MENTIONED_BUSINESS,UNKNOWN,UNKNOWN,UNKNOWN,UNKNOWN,UNKNOWN,UNKNOWN,LOW,LOW,FALSE,women's fashion boutique Goa,https://bestpixeldesign.com/blogs/news/the-most-stylish-boutiques-designers-in-goa,official_identity_weak
Van Andel & Peace,,,,,,,,EXCLUDED,article_or_directory_not_business:MENTIONED_BUSINESS,UNKNOWN,UNKNOWN,UNKNOWN,UNKNOWN,UNKNOWN,UNKNOWN,LOW,LOW,FALSE,women's fashion boutique Goa,https://ringbe.com/blogs/news/the-most-stylish-boutiques-designers-in-goa,official_identity_weak
VAO,,,https://vaoconceptstore.com?srsltid=AU7gw4XGaIHQ9SBb3aJaixy5wXE5MEDh3UEx67J75HFu_PUIsaQJtIfH,,,,,EXCLUDED,wrong_geography,UNKNOWN,UNKNOWN,UNKNOWN,YES,UNKNOWN,NO,MEDIUM,REJECTED,FALSE,multi brand fashion store Goa,https://vaoconceptstore.com?srsltid=AU7gw4XGaIHQ9SBb3aJaixy5wXE5MEDh3UEx67J75HFu_PUIsaQJtIfH,"Homepage title explicitly states 'Designer Brands for Women & Men', indicating a multi-brand retailer model.; The business name includes 'Concept Store', which typically implies a curated selection of independent and luxury labels rather than a single own-label brand.; The search query context ('multi brand fashion store') aligns with the site's apparent function as a retail destination for multiple designers."
Vedant Fashions Ltd,NH 66,"Mall De Goa, Shop 2 Second Floor, NH 66, Porvorim, 403521, IN",https://manyavar.com/en-us/store-india/margao/manyavar-goa-newmarket-VFPLSNE2,https://instagram.com/manyavar,https://facebook.com/Manyavar,91-9960906647,care@vedantfashions.com,EXCLUDED,own_label_not_external_stockist,UNKNOWN,MEDIUM,YES,NO,NO,YES,MEDIUM,HIGH,FALSE,women's fashion boutique Goa; multi brand fashion store Goa,https://manyavar.com/en-us/store-india/margao/manyavar-goa-newmarket-VFPLSNE2,"The website is the official store locator for 'Manyavar', a single-brand Indian ethnic wear label owned by Vedant Fashions Ltd.; The page explicitly promotes 'our latest designs' and lists categories like Sherwani, Kurta, Saree, which are proprietary to the brand.; There is no evidence of multiple independent labels or a multi-brand curation; it functions as a mono-brand retail outlet.; According to the rules, a single-brand/own-label designer selling only its own products must be classified ..."
Very Bilbao,,,https://verybilbao.com/en/comercios/ambali-bilbao,https://instagram.com/verybilbao,https://facebook.com/verybilbao,94 471 83 38 94 471 8,info@ambalibilbao.com,EXCLUDED,article_or_directory_not_business:SELF,UNKNOWN,UNKNOWN,UNKNOWN,UNKNOWN,NO,UNKNOWN,MEDIUM,MEDIUM,FALSE,multi brand fashion store Goa,https://verybilbao.com/en/comercios/ambali-bilbao,"The website 'Very Bilbao' is a city guide and directory for Bilbao, Spain (indicated by the domain verybilbao.com and Spanish content). The page lists various categories like 'Shopping', 'Stores', 'Sh; The search query mentions 'Goa', but the website is clearly for Bilbao, Spain, indicating a mismatch in location relevance and confirming this is likely a directory result for a different city, not a ; The site structure (listing categories like 'Eat & Drink', 'Nightlife', 'Art & Culture') conf..."
VI. Kết luận,,,,,,,,EXCLUDED,article_or_directory_not_business:MENTIONED_BUSINESS,UNKNOWN,UNKNOWN,UNKNOWN,UNKNOWN,UNKNOWN,UNKNOWN,LOW,LOW,FALSE,multi brand fashion store Goa,https://maisononline.vn/blogs/news/shop-ban-do-hieu-o-ha-noi?srsltid=AU7gw4Uox-rveDhgGjU_dd9oz-e4TP8P-3h0kDlJtIpFAKSzxW9Vw7DQ,official_identity_weak
Vienna,,,https://benettongroup.com/en/media-press/press-releases-and-statements/the-new-sisley-concept-store-comes-to-florence-to-connect-with-independent-people,,,+39 0422519111,,EXCLUDED,article_or_directory_not_business:SELF,UNKNOWN,UNKNOWN,YES,YES,NO,NO,MEDIUM,REJECTED,FALSE,concept store Goa fashion,https://benettongroup.com/en/media-press/press-releases-and-statements/the-new-sisley-concept-store-comes-to-florence-to-connect-with-independent-people,The page is a press release from Benetton Group announcing the opening of a new 'Sisley concept store' in Florence. Sisley is a well-known multi-brand retailer (often associated with luxury and indepe
Vintage Finds: Exploring Goa’s Retro Boutiques,,,,,,,,EXCLUDED,article_or_directory_not_business:MENTIONED_BUSINESS,UNKNOWN,UNKNOWN,UNKNOWN,UNKNOWN,UNKNOWN,UNKNOWN,LOW,LOW,FALSE,women's fashion boutique Goa,https://agoda.com/travel-guides/india/goa/discover-unique-boutiques-in-goas-hidden-gems,official_identity_weak
Vintage Goa,Goa,,https://vintagegoa.com,,,,,EXCLUDED,identity_demonstrably_invalid,UNKNOWN,MEDIUM,UNKNOWN,UNKNOWN,NO,UNKNOWN,LOW,REJECTED,FALSE,women's fashion boutique Goa,https://vintagegoa.com,"The page title and meta description suggest a focus on 'vintage' items ('Boho Tops and Dresses, Inspired By the Beaches of Goa') rather than a curated multi-brand boutique. The business type is listed; The search query implies looking for a boutique, but the website content focuses on vintage goods which may not align with 'independent contemporary fashion label' positioning depending on the specifi"
VISION,,,https://newsvoir.com/index.php/release/goa-gets-its-first-ever-jack-jones-vero-moda-only-and-selected-homme-store-in-the-state-s-capital-panjim-8151.html,https://instagram.com/newsvoir.official,https://facebook.com/sharer.php?u=http%3A%2F%2Fwww.newsvoir.com%2Findex.php%2Frelease%2Fgoa-gets-its-first-ever-jack-jones-vero-moda-only-and-selected-homme-store-in-the-state-s-capital-panjim-8151.html,+91 9041122188,,EXCLUDED,article_or_directory_not_business:SELF,UNKNOWN,UNKNOWN,YES,YES,NO,YES,MEDIUM,HIGH,FALSE,multi brand fashion store Goa,https://newsvoir.com/release/goa-gets-its-first-ever-jack-jones-vero-moda-only-and-selected-homme-store-in-the-state-s-capital-panjim-8151.html,"The page is a press release announcing the opening of a store carrying exclusively major international brands: JACK & JONES, VERO MODA, ONLY, and SELECTED HOMME.; The text describes the entity as a 'multi brand store' selling specific mass-market European labels, not an independent curator or boutique presenting independent contemporary designers.; According to the guidelines, a retailer primarily stocking its own selected portfolio of major brands (like Vero Moda/Jack & Jones) without eviden..."
Visit our corporate site,,,https://futureplc.com,,,,,EXCLUDED,article_or_directory_not_business:MENTIONED_BUSINESS,UNKNOWN,UNKNOWN,YES,YES,NO,NO,MEDIUM,REJECTED,FALSE,concept store Goa fashion,https://wallpaper.com/fashion-beauty/best-fashion-stores-new-york-shopping-guide,"The page is an article on Wallpaper* (a media publisher) announcing the opening of 'Essx', a new concept store. The text describes Essx as a 'concept and community store' but does not provide evidence; The structured facts identify the organization as 'Wallpaper*', which is a media publisher, not the retail entity 'Essx' described in the text.; While the text mentions 'Essx' is a concept store, the webpage provided is an editorial article about it, not the store's own website demonstrating it..."
VISIT SITE,,,https://jaaligoa.com,,,,,EXCLUDED,article_or_directory_not_business:DIRECTORY,UNKNOWN,UNKNOWN,UNKNOWN,UNKNOWN,UNKNOWN,NO,MEDIUM,REJECTED,FALSE,multi brand fashion store Goa,https://lbb.in/goa/fashion-brands-goa,not_self_business:DIRECTORY
VISIT SITE,,,https://mariodemiranda.com,,,,,EXCLUDED,article_or_directory_not_business:DIRECTORY,UNKNOWN,UNKNOWN,UNKNOWN,UNKNOWN,UNKNOWN,NO,MEDIUM,REJECTED,FALSE,women's fashion boutique Goa,https://lbb.in/goa/best-stores-south-goa,not_self_business:DIRECTORY
VISIT SITE,,,https://mogasu.com,,,,,EXCLUDED,article_or_directory_not_business:DIRECTORY,UNKNOWN,UNKNOWN,UNKNOWN,UNKNOWN,UNKNOWN,NO,MEDIUM,REJECTED,FALSE,multi brand fashion store Goa,https://lbb.in/goa/fashion-brands-goa,not_self_business:DIRECTORY
VISIT SITE,,,https://paperboatcollective.in,,,,,EXCLUDED,article_or_directory_not_business:DIRECTORY,UNKNOWN,UNKNOWN,UNKNOWN,UNKNOWN,UNKNOWN,NO,MEDIUM,REJECTED,FALSE,women's fashion boutique Goa; multi brand fashion store Goa,https://lbb.in/goa/best-stores-in-north-goa,not_self_business:DIRECTORY
VISIT SITE,,,https://siroigoa.com,,,,,EXCLUDED,article_or_directory_not_business:DIRECTORY,UNKNOWN,UNKNOWN,UNKNOWN,UNKNOWN,UNKNOWN,NO,MEDIUM,REJECTED,FALSE,women's fashion boutique Goa; multi brand fashion store Goa; concept store Goa fashion,https://lbb.in/goa/goa-check-sunshine-states-indie-boutique-scene,not_self_business:DIRECTORY
VISIT SITE,,,https://studiokassa.com,,,,,EXCLUDED,article_or_directory_not_business:DIRECTORY,UNKNOWN,UNKNOWN,UNKNOWN,UNKNOWN,UNKNOWN,NO,MEDIUM,REJECTED,FALSE,women's fashion boutique Goa; multi brand fashion store Goa; concept store Goa fashion,https://lbb.in/goa/goa-check-sunshine-states-indie-boutique-scene,not_self_business:DIRECTORY
VISIT SITE,,,https://susegadhome.com,,,,,EXCLUDED,article_or_directory_not_business:DIRECTORY,UNKNOWN,UNKNOWN,UNKNOWN,UNKNOWN,UNKNOWN,NO,MEDIUM,REJECTED,FALSE,women's fashion boutique Goa,https://lbb.in/goa/best-stores-south-goa,not_self_business:DIRECTORY
VisitDenmark,,"Pilestræde 39-41, 1112",https://visitdenmark.nl/denemarken/reis-plannen/norse-store-gdk705724,https://instagram.com/govisitdenmark,https://facebook.com/denmark,+45 3393 2626,info@visitcopenhagen.com,EXCLUDED,unrelated_or_non_retail_business,BOUTIQUE,UNKNOWN,YES,NO,NO,UNKNOWN,HIGH,MEDIUM,FALSE,multi brand fashion store Goa,https://visitdenmark.nl/denemarken/reis-plannen/norse-store-gdk705724,"The website is for 'VisitDenmark', a national tourism organization, not a fashion retailer.; The page describes an 'Adidas Originals Store' and a 'Julie Sandlau Flagship Store'. These are single-brand flagship stores owned by the respective brands (Adidas, Julie Sandlau), not multi-brand bout; The entity selling is the tourism board ('VisitDenmark'), which lists these locations as tourist attractions rather than operating them as its own retail stockist. Therefore, it does not fit the crite"
Vismay,,"Address, Poongottukulam, Tirur, Kerala, 676101 6282210231 10:00 AM - 10:00 PM Vismay Kollam.",https://vismay.com?srsltid=AU7gw4XAApaX4Ss0v17cuERTH44SX7Gf7_Z2Ztb_dk9oOfe9qX19gGSu,https://instagram.com/vismay.india,https://facebook.com/vismay.india,691021 79941 8477,support@vismay.in,EXCLUDED,article_or_directory_not_business:ARTICLE,RETAILER,HIGH,YES,NO,NO,NO,HIGH,REJECTED,FALSE,women's fashion boutique Goa; multi brand fashion store Goa,https://vismay.com?srsltid=AU7gw4XAApaX4Ss0v17cuERTH44SX7Gf7_Z2Ztb_dk9oOfe9qX19gGSu,"The website explicitly markets 'Vismay' as an own-label designer brand selling 'Indian ethnic wear for women'. The product catalog lists only Vismay collections (e.g., 'Mirai Collection', 'Young Ethni"
Vogel Strauss,,,https://vogelstrauss.store,,,,,EXCLUDED,article_or_directory_not_business:MENTIONED_BUSINESS,UNKNOWN,UNKNOWN,UNKNOWN,YES,NO,NO,MEDIUM,REJECTED,FALSE,multi brand fashion store Goa,https://cathaypacific.com/cx/en_MM/inspiration/shopping/best-places-shopping-frankfurt.html,"The page is a curated listicle titled 'The best places to go shopping in Frankfurt' which explicitly lists 'Vogel Strauss' as one of the featured retail spots.; The context describes the location as part of a scene featuring 'niche boutiques and trendy design spaces'.; The business name appears in the headings alongside other distinct boutique names (MyZeil, Frida, etc.), indicating it is presented as an individual physical store rather than a generic category or se; As a featured entity in a..."
Vogue Business is now in the Vogue App,,,https://vogue.smart.link/au4sikdbz,,,,,EXCLUDED,article_or_directory_not_business:MENTIONED_BUSINESS,UNKNOWN,UNKNOWN,UNKNOWN,UNKNOWN,UNKNOWN,UNKNOWN,MEDIUM,LOW,FALSE,multi brand fashion store Goa,https://vogue.com/article/how-to-sell-now-multi-brand; https://vogue.com/article/antwerp-belgium-guide,official_identity_weak
wearing in India,,,https://hippie-inheels.com/what-to-wear-in-india,,,,,EXCLUDED,article_or_directory_not_business:MENTIONED_BUSINESS,UNKNOWN,UNKNOWN,UNKNOWN,UNKNOWN,UNKNOWN,UNKNOWN,MEDIUM,LOW,FALSE,women's fashion boutique Goa,https://bestpixeldesign.com/blogs/news/the-most-stylish-boutiques-designers-in-goa; https://ringbe.com/blogs/news/the-most-stylish-boutiques-designers-in-goa,official_identity_weak
Wendell Rodricks Design Space,,,,,,,,EXCLUDED,article_or_directory_not_business:MENTIONED_BUSINESS,UNKNOWN,UNKNOWN,UNKNOWN,UNKNOWN,UNKNOWN,UNKNOWN,LOW,LOW,FALSE,women's fashion boutique Goa,https://timesofindia.indiatimes.com/travel/goa/travel-guide/your-guide-to-goas-best-boutiques/gs34078469.cms,official_identity_weak
What to Do,,,,,,,,EXCLUDED,article_or_directory_not_business:MENTIONED_BUSINESS,UNKNOWN,UNKNOWN,UNKNOWN,UNKNOWN,UNKNOWN,UNKNOWN,LOW,LOW,FALSE,concept store Goa fashion,https://vogue.com/article/antwerp-belgium-guide,official_identity_weak
What to Wear in Goa?,,,,,,,,EXCLUDED,article_or_directory_not_business:MENTIONED_BUSINESS,UNKNOWN,UNKNOWN,UNKNOWN,UNKNOWN,UNKNOWN,UNKNOWN,LOW,LOW,FALSE,women's fashion boutique Goa,https://lavanyathelabel.com/blogs/news/goa-outfits-for-women-ideas,official_identity_weak
What's Hot,,,,,,,,EXCLUDED,article_or_directory_not_business:MENTIONED_BUSINESS,UNKNOWN,UNKNOWN,UNKNOWN,UNKNOWN,UNKNOWN,UNKNOWN,LOW,LOW,FALSE,concept store Goa fashion,https://grazia.co.in/fashion/craftsmanship-and-community-converge-at-shop-lunes-new-goa-shop-gallery-11369.html,official_identity_weak
Whats Hot,GOA,"Times Internet Limited, Plot Number 391, Udyog Vihar, Phase-III, Gurgaon - 122016 Haryana, India",https://whatshot.in/goa/inside-an-ancestral-goan-villa-rangeela-goa-c-29183,,https://www.facebook.com/whatshotdelhi,+91 832-2268944,rangeelashipping@gmail.com,EXCLUDED,article_or_directory_not_business:SELF,UNKNOWN,HIGH,YES,YES,YES,YES,MEDIUM,HIGH,FALSE,concept store Goa fashion,https://whatshot.in/goa/inside-an-ancestral-goan-villa-rangeela-goa-c-29183,"Physical concept store 'Rangeela Goa' explicitly described as housing 'contemporary fashion & homeware'.; Concept stores by definition curate multiple independent labels rather than selling a single own-brand.; Located in Assagao, Goa, with contact details and physical address provided.; Categorized under 'Shopping' -> 'Clothing Stores' in the site's directory."
Where to Eat,,,,,,,,EXCLUDED,article_or_directory_not_business:MENTIONED_BUSINESS,UNKNOWN,UNKNOWN,UNKNOWN,UNKNOWN,UNKNOWN,UNKNOWN,LOW,LOW,FALSE,concept store Goa fashion,https://vogue.com/article/antwerp-belgium-guide,official_identity_weak
Which beach is safest in Goa?,,,,,,,,EXCLUDED,article_or_directory_not_business:MENTIONED_BUSINESS,UNKNOWN,UNKNOWN,UNKNOWN,UNKNOWN,UNKNOWN,UNKNOWN,LOW,LOW,FALSE,multi brand fashion store Goa,https://thebluekite.com/blogs/luxury-shopping-in-goa,hotel_resort_boutique
White Ginger Singapore,,,https://white-ginger.com,,,,,EXCLUDED,wrong_geography,UNKNOWN,HIGH,UNKNOWN,UNKNOWN,UNKNOWN,NO,MEDIUM,REJECTED,FALSE,women's fashion boutique Goa,https://white-ginger.com,The page title indicates 'White Ginger Singapore' but the URL is white-ginger.com (often associated with a different entity or requires verification). The provided text_excerpt is empty. There is no e
Wholesale,,,https://wholesale.nomadthelabel.com,,,,,EXCLUDED,article_or_directory_not_business:MENTIONED_BUSINESS,UNKNOWN,UNKNOWN,UNKNOWN,NO,NO,UNKNOWN,MEDIUM,LOW,FALSE,women's fashion boutique Goa,https://nomadthelabel.com.au?srsltid=AU7gw4Ww_kr03dqV2GtQNB8nDzbgcO8jtg3Pp6wqnNhoI7T09-7FLgZn,"The website (nomadthelabel.com.au) is explicitly identified as an 'Our Story' page for a single independent label founded by Louisa Warman.; The site structure and content focus entirely on the founder's brand ('Nomad the Label'), showcasing only its own products (e.g., 'Goa French Linen Pants', 'Rosa French Linen Skirt').; There is no evidence of a multi-brand curation, physical boutique presence carrying other designers, or a wholesale portal for third-party labels.; The business appears to..."
Wholesale Clothing Vendors in Goa,,"Office Address: Wings2Fashion , SCO -15, Dayal Bagh Colony, Faridabad - 121009, Haryana.",https://wings2fashion.com/goa/wholesale-clothing-vendors,https://instagram.com/wings2fashions,https://facebook.com/wing2fashion,+919540322227,info@wings2fashion.com,EXCLUDED,unrelated_or_non_retail_business,BOUTIQUE,HIGH,YES,NO,NO,NO,HIGH,HIGH,FALSE,women's fashion boutique Goa; multi brand fashion store Goa,https://wings2fashion.com/goa/wholesale-clothing-vendors,"The page explicitly describes the business as a 'Wholesale Clothing Vendors' and a 'Delhi-based clothing manufacturer supplying custom, private-label, OEM, ODM, and bulk apparel'. The text states they; The page lists categories like 'Womens Tops', 'Mens', 'Kids' but in the context of wholesale/manufacturing services ('Our Services', 'Our Products'), not as a curated collection of independent designe; The rule_result indicates 'business_type': 'BOUTIQUE' but the textual evidence overwhelmingly..."
Women's GOA,,,https://grailed.com/designers/goa/womenswear,,,,,EXCLUDED,article_or_directory_not_business:SELF,UNKNOWN,UNKNOWN,UNKNOWN,UNKNOWN,NO,UNKNOWN,MEDIUM,HIGH,FALSE,women's fashion boutique Goa,https://grailed.com/designers/goa/womenswear,The URL 'grailed.com/designers/goa/womenswear' indicates this is a directory or search results page on Grailed (a marketplace for secondhand designer fashion) rather than the website of an independent
Womens Goa,,,https://suzannesfashions.ca/brands/goa,,,,,EXCLUDED,wrong_geography,UNKNOWN,UNKNOWN,UNKNOWN,UNKNOWN,UNKNOWN,NO,MEDIUM,REJECTED,FALSE,women's fashion boutique Goa; multi brand fashion store Goa,https://suzannesfashions.ca/brands/goa,"The provided URL (suzannesfashions.ca) appears to be a Canadian domain (.ca), while the search query and page title mention 'Goa' (India). The text excerpt is empty. There is no evidence on this speci; The rule requires evidence showing a retailer presenting several labels. No such evidence is present in the provided fields."
WWD,,"The 10,000-square-foot unit is the first of 60 stores expected to be opened over the next few years, with an unusual location plan.",https://wwd.com/business-news/retail/feature/indian-retailer-fabindia-unveils-new-concept-store-10855631,https://instagram.com/wwd,https://facebook.com/dialog/share?app_id=119986431887320&display=popup&href=https%3A%2F%2Fwwd.com%2Fbusiness-news%2Fretail%2Ffeature%2Findian-retailer-fabindia-unveils-new-concept-store-10855631%2F%23utm_medium%3Dsocial%26utm_source%3Dfacebook%26utm_campaign%3Dsocial_bar%26utm_term%3D%26utm_content%3Dbottom%26utm_id%3D10855631&sdk=joey&src=share_button&title=Indian+Retailer+Fabindia+Unveils+New+Concept%C2%A0Store,,,EXCLUDED,article_or_directory_not_business:SELF,BOUTIQUE,HIGH,YES,NO,NO,UNKNOWN,HIGH,MEDIUM,FALSE,concept store Goa fashion,https://wwd.com/business-news/retail/feature/indian-retailer-fabindia-unveils-new-concept-store-10855631,"The page is an article published by WWD (Women's Wear Daily) about Fabindia opening a new concept store.; WWD is a fashion news and media publisher, not the retailer itself.; The content discusses another brand (Fabindia), making this a directory/article/listicle page rather than the business's own retail site.; According to guidelines, directory, article, and listicle pages are not considered the business itself."
You may also like,,,,,,,,EXCLUDED,article_or_directory_not_business:MENTIONED_BUSINESS,UNKNOWN,UNKNOWN,UNKNOWN,UNKNOWN,UNKNOWN,UNKNOWN,LOW,LOW,FALSE,women's fashion boutique Goa,https://agoda.com/travel-guides/india/goa/discover-unique-boutiques-in-goas-hidden-gems,official_identity_weak
Zalando Corporate Website,,,https://corporate.zalando.com/en/about-us/what-we-do/zalandos-private-labels/our-private-labels,https://instagram.com/zalando,https://facebook.com/zalando,+49 (0)30 2000889349,adhoc@zalando.de,EXCLUDED,identity_demonstrably_invalid,DESIGNER,UNKNOWN,NO,NO,NO,UNKNOWN,HIGH,MEDIUM,FALSE,multi brand fashion store Goa,https://corporate.zalando.com/en/about-us/what-we-do/zalandos-private-labels/our-private-labels,"The page is a corporate services and contact FAQ for Zalando SE, not a retail storefront.; Zalando operates as an online marketplace/retailer platform rather than a physical boutique or curated independent-designer store.; The content focuses on private labels (ZIGN, etc.) and corporate information, lacking evidence of a specific physical location in Goa carrying other independent brands.; It does not fit the criteria for a multi-brand physical fashion boutique or concept store."
Đăng nhập qua Số điện thoại,,,,,,,,EXCLUDED,article_or_directory_not_business:MENTIONED_BUSINESS,UNKNOWN,UNKNOWN,UNKNOWN,UNKNOWN,UNKNOWN,UNKNOWN,LOW,LOW,FALSE,multi brand fashion store Goa,https://maisononline.vn/blogs/news/shop-ban-do-hieu-o-ha-noi?srsltid=AU7gw4Uox-rveDhgGjU_dd9oz-e4TP8P-3h0kDlJtIpFAKSzxW9Vw7DQ,official_identity_weak
Đăng nhập qua Số điện thoại,,,,,,,,EXCLUDED,article_or_directory_not_business:MENTIONED_BUSINESS,UNKNOWN,UNKNOWN,UNKNOWN,UNKNOWN,UNKNOWN,UNKNOWN,LOW,LOW,FALSE,multi brand fashion store Goa,https://maisononline.vn/blogs/news/shop-ban-do-hieu-o-tphcm?srsltid=AU7gw4UF8NHdgx0uWZDxd2aMPRekB4QYADTcn1rVwopo1d4OXjvtPGn0,official_identity_weak
